ProductID,ProductName,Brand,Category,SubCategory,Price,DiscountPct,Rating,ReviewCount,SkinType,StockQuantity,UnitsSold,Revenue,Region,SalesChannel,CrueltyFree,OrderDate
BP0001,VelvetSkin Eyeshadow Palette,VelvetSkin,Makeup,Eyeshadow Palette,12.22,30,4.4,84,Combination,458,240,2932.8,Middle East,Online,Yes,2024-05-10
BP0002,Rougeon Body Mist,Rougeon,Fragrance,Body Mist,46.08,0,4.1,181,All,235,0,0.0,Asia Pacific,In-Store,No,2025-04-20
BP0003,SunKissed Cleanser,SunKissed,Skincare,Cleanser,29.4,5,4.3,314,All,306,133,3910.2,North America,Online,No,2025-01-22
BP0004,PureEarth Mascara,PureEarth,Makeup,Mascara,14.76,0,4.0,574,Sensitive,263,2,29.52,North America,Online,Yes,2025-01-22
BP0005,Rougeon Concealer,Rougeon,Makeup,Concealer,21.53,30,4.7,1274,Sensitive,189,45,968.85,Latin America,Online,Yes,2024-02-22
BP0006,NuraBeauty Eyeshadow Palette,NuraBeauty,Makeup,Eyeshadow Palette,14.1,15,4.1,7,Dry,343,58,817.8,Asia Pacific,Online,No,2025-01-26
BP0007,AuraCare Eye Cream,AuraCare,Skincare,Eye Cream,13.22,10,4.7,32,All,98,106,1401.32,Asia Pacific,In-Store,No,2025-04-06
BP0008,SilkStrand Cleanser,SilkStrand,Skincare,Cleanser,26.52,0,3.9,112,Dry,51,96,2545.92,Middle East,Marketplace,Yes,2025-02-10
BP0009,SilkStrand Sunscreen Lotion,SilkStrand,Skincare,Sunscreen Lotion,20.08,0,4.1,1327,All,61,118,2369.44,Middle East,In-Store,No,2024-12-05
BP0010,SilkStrand Eau de Parfum,SilkStrand,Fragrance,Eau de Parfum,50.03,0,4.5,521,Dry,115,47,2351.41,Asia Pacific,Online,Yes,2025-03-31
BP0011,VelvetSkin Shampoo,VelvetSkin,Haircare,Shampoo,16.98,0,4.5,365,Dry,179,52,882.96,North America,Online,Yes,2024-09-24
BP0012,VelvetSkin Facial Serum,VelvetSkin,Skincare,Facial Serum,29.0,30,4.1,349,All,223,283,8207.0,Asia Pacific,In-Store,Yes,2024-02-22
BP0013,SilkStrand Toner,SilkStrand,Skincare,Toner,20.4,0,4.6,651,All,371,489,9975.6,Asia Pacific,In-Store,No,2024-05-23
BP0014,SunKissed Sunscreen Lotion,SunKissed,Skincare,Sunscreen Lotion,44.72,10,4.6,8,Combination,146,46,2057.12,Middle East,Marketplace,No,2024-12-03
BP0015,SilkStrand Shampoo,SilkStrand,Haircare,Shampoo,29.8,5,4.5,129,Oily,111,94,2801.2,Middle East,Online,No,2024-10-30
BP0016,NuraBeauty Cologne,NuraBeauty,Fragrance,Cologne,73.57,5,3.9,937,Sensitive,151,54,3972.78,North America,In-Store,No,2025-02-23
BP0017,NuraBeauty Cleanser,NuraBeauty,Skincare,Cleanser,29.71,0,3.8,588,All,168,20,594.2,Middle East,Online,Yes,2024-10-03
BP0018,GlowLab Conditioner,GlowLab,Haircare,Conditioner,20.63,5,3.5,355,All,50,265,5466.95,Asia Pacific,Online,Yes,2024-10-03
BP0019,SunKissed Eyeshadow Palette,SunKissed,Makeup,Eyeshadow Palette,30.36,0,4.5,22,Sensitive,219,73,2216.28,Latin America,Marketplace,No,2024-02-06
BP0020,GlowLab Shower Gel,GlowLab,Bath & Body,Shower Gel,13.86,0,4.1,105,Dry,255,78,1081.08,Europe,In-Store,Yes,2024-11-18
BP0021,SilkStrand Concealer,SilkStrand,Makeup,Concealer,20.41,15,3.8,1049,Dry,103,141,2877.81,Asia Pacific,In-Store,Yes,2024-02-08
BP0022,VelvetSkin Eau de Parfum,VelvetSkin,Fragrance,Eau de Parfum,55.46,0,4.6,348,All,19,120,6655.2,Middle East,Marketplace,Yes,2024-05-22
BP0023,SunKissed Concealer,SunKissed,Makeup,Concealer,36.2,0,3.6,168,Oily,57,0,0.0,Middle East,Online,Yes,2024-02-23
BP0024,SilkStrand Eau de Parfum,SilkStrand,Fragrance,Eau de Parfum,100.99,0,5.0,507,Sensitive,143,436,44031.64,Middle East,In-Store,Yes,2024-04-29
BP0025,AuraCare Sunscreen Lotion,AuraCare,Skincare,Sunscreen Lotion,20.44,10,5.0,95,Dry,238,32,654.08,North America,In-Store,Yes,2024-09-28
BP0026,SilkStrand Eyeshadow Palette,SilkStrand,Makeup,Eyeshadow Palette,20.61,10,4.1,86,Dry,284,12,247.32,Latin America,Online,No,2024-04-03
BP0027,AuraCare Mascara,AuraCare,Makeup,Mascara,4.99,5,3.9,95,All,22,5,24.95,Latin America,Marketplace,Yes,2024-06-28
BP0028,VelvetSkin Liquid Lipstick,VelvetSkin,Makeup,Liquid Lipstick,13.13,15,4.5,36,Oily,496,240,3151.2,Asia Pacific,In-Store,Yes,2025-01-14
BP0029,GlowLab Cologne,GlowLab,Fragrance,Cologne,60.41,0,4.1,36,All,409,131,7913.71,Europe,Online,No,2024-07-14
BP0030,LashPro Hand Cream,LashPro,Bath & Body,Hand Cream,17.36,25,4.3,397,All,456,99,1718.64,Asia Pacific,Marketplace,Yes,2024-04-05
BP0031,SilkStrand Eau de Parfum,SilkStrand,Fragrance,Eau de Parfum,70.89,0,4.6,54,Dry,368,77,5458.53,North America,Online,Yes,2024-01-19
BP0032,NuraBeauty Hand Cream,NuraBeauty,Bath & Body,Hand Cream,16.7,0,4.2,1503,Combination,366,8,133.6,Latin America,Online,Yes,2024-01-25
BP0033,NuraBeauty Hand Cream,NuraBeauty,Bath & Body,Hand Cream,24.52,0,4.5,1731,Dry,73,215,5271.8,North America,Online,Yes,2025-06-02
BP0034,AuraCare Foundation,AuraCare,Makeup,Foundation,20.31,0,3.8,132,All,320,252,5118.12,North America,Marketplace,Yes,2024-08-04
BP0035,BloomBeauty Conditioner,BloomBeauty,Haircare,Conditioner,11.58,15,4.6,200,Combination,172,0,0.0,Middle East,In-Store,No,2025-04-20
BP0036,NuraBeauty Conditioner,NuraBeauty,Haircare,Conditioner,8.89,25,4.0,1014,All,133,193,1715.77,Latin America,Marketplace,Yes,2024-05-28
BP0037,SunKissed Hand Cream,SunKissed,Bath & Body,Hand Cream,12.52,0,4.4,90,Dry,13,40,500.8,North America,In-Store,No,2024-09-15
BP0038,VelvetSkin Cleanser,VelvetSkin,Skincare,Cleanser,13.76,0,4.6,104,Oily,135,50,688.0,Europe,Online,Yes,2024-02-10
BP0039,GlowLab Facial Serum,GlowLab,Skincare,Facial Serum,44.93,20,3.7,158,All,45,5,224.65,Europe,Online,Yes,2025-03-25
BP0040,SilkStrand Eyeshadow Palette,SilkStrand,Makeup,Eyeshadow Palette,29.8,0,4.1,327,Dry,266,105,3129.0,North America,Marketplace,Yes,2025-04-05
BP0041,SilkStrand Sunscreen Lotion,SilkStrand,Skincare,Sunscreen Lotion,30.54,0,4.4,4086,Combination,436,102,3115.08,Latin America,Marketplace,Yes,2025-04-02
BP0042,SunKissed Facial Serum,SunKissed,Skincare,Facial Serum,19.45,0,4.0,1052,Oily,347,35,680.75,Europe,Online,No,2025-03-13
BP0043,PureEarth Body Mist,PureEarth,Fragrance,Body Mist,44.16,30,5.0,272,All,340,117,5166.72,Asia Pacific,Online,Yes,2025-02-25
BP0044,SunKissed Mascara,SunKissed,Makeup,Mascara,18.11,0,4.6,360,Sensitive,29,114,2064.54,Asia Pacific,In-Store,No,2024-05-17
BP0045,Rougeon Sunscreen Lotion,Rougeon,Skincare,Sunscreen Lotion,13.07,10,4.8,117,Combination,239,48,627.36,North America,Online,Yes,2024-04-04
BP0046,VelvetSkin Toner,VelvetSkin,Skincare,Toner,37.77,0,4.2,362,Oily,60,21,793.17,Asia Pacific,In-Store,Yes,2025-04-10
BP0047,PureEarth Facial Serum,PureEarth,Skincare,Facial Serum,13.95,0,4.2,226,Oily,300,45,627.75,Europe,In-Store,No,2024-04-30
BP0048,GlowLab Sunscreen Lotion,GlowLab,Skincare,Sunscreen Lotion,36.34,10,4.1,689,All,179,24,872.16,Europe,In-Store,Yes,2024-03-18
BP0049,SilkStrand Face Mask,SilkStrand,Skincare,Face Mask,36.5,0,4.5,692,Sensitive,492,238,8687.0,Asia Pacific,Online,Yes,2024-07-10
BP0050,GlowLab Facial Serum,GlowLab,Skincare,Facial Serum,21.66,0,3.9,63,Dry,12,105,2274.3,Middle East,Online,Yes,2024-08-20
BP0051,VelvetSkin Mascara,VelvetSkin,Makeup,Mascara,30.36,5,5.0,238,All,5,272,8257.92,Europe,Online,No,2024-11-10
BP0052,PureEarth Cleanser,PureEarth,Skincare,Cleanser,23.51,10,4.0,87,Combination,445,37,869.87,North America,Online,Yes,2024-08-30
BP0053,Rougeon Body Scrub,Rougeon,Bath & Body,Body Scrub,19.19,5,4.4,2,Dry,93,20,383.8,Asia Pacific,In-Store,Yes,2024-07-12
BP0054,PureEarth Toner,PureEarth,Skincare,Toner,22.47,0,3.9,277,Dry,19,31,696.57,North America,In-Store,Yes,2024-11-15
BP0055,SunKissed Body Lotion,SunKissed,Bath & Body,Body Lotion,14.22,15,4.1,72,Oily,171,25,355.5,Europe,Online,No,2024-11-14
BP0056,SilkStrand Concealer,SilkStrand,Makeup,Concealer,18.51,0,4.4,950,Sensitive,235,61,1129.11,Latin America,In-Store,Yes,2024-05-16
BP0057,BloomBeauty Hand Cream,BloomBeauty,Bath & Body,Hand Cream,17.79,0,4.6,803,Combination,212,22,391.38,Asia Pacific,In-Store,No,2025-02-13
BP0058,VelvetSkin Mascara,VelvetSkin,Makeup,Mascara,32.41,0,4.1,1149,All,421,89,2884.49,North America,Online,Yes,2024-08-12
BP0059,SilkStrand Face Mask,SilkStrand,Skincare,Face Mask,13.51,0,4.8,74,All,288,90,1215.9,Asia Pacific,In-Store,Yes,2025-03-16
BP0060,BloomBeauty Hair Mask,BloomBeauty,Haircare,Hair Mask,17.67,0,5.0,702,All,158,55,971.85,Latin America,Online,No,2024-01-15
BP0061,Rougeon Toner,Rougeon,Skincare,Toner,28.27,0,4.2,416,Oily,298,106,2996.62,Middle East,Online,Yes,2024-05-13
BP0062,AuraCare Hand Cream,AuraCare,Bath & Body,Hand Cream,15.95,10,5.0,472,Sensitive,170,321,5119.95,Middle East,Marketplace,No,2024-05-12
BP0063,AuraCare Toner,AuraCare,Skincare,Toner,21.85,0,4.1,103,Dry,0,242,5287.7,Asia Pacific,In-Store,Yes,2025-03-06
BP0064,AuraCare Eau de Parfum,AuraCare,Fragrance,Eau de Parfum,35.52,0,3.6,385,Combination,293,47,1669.44,Europe,Online,Yes,2024-12-12
BP0065,BloomBeauty Foundation,BloomBeauty,Makeup,Foundation,19.95,0,3.8,271,Dry,176,179,3571.05,Asia Pacific,In-Store,Yes,2024-06-04
BP0066,GlowLab Body Lotion,GlowLab,Bath & Body,Body Lotion,20.81,20,4.4,382,Dry,326,106,2205.86,Latin America,Online,Yes,2025-03-10
BP0067,GlowLab Sunscreen Lotion,GlowLab,Skincare,Sunscreen Lotion,27.68,5,4.1,416,Oily,256,176,4871.68,Europe,Online,Yes,2024-04-22
BP0068,VelvetSkin Facial Serum,VelvetSkin,Skincare,Facial Serum,14.21,0,4.0,516,Sensitive,480,1,14.21,Middle East,In-Store,No,2025-01-25
BP0069,VelvetSkin Eye Cream,VelvetSkin,Skincare,Eye Cream,28.97,20,4.2,98,Dry,91,29,840.13,Europe,In-Store,No,2024-03-28
BP0070,BloomBeauty Eau de Parfum,BloomBeauty,Fragrance,Eau de Parfum,42.35,5,3.9,1133,Oily,262,155,6564.25,Latin America,Online,No,2025-01-15
BP0071,PureEarth Hair Serum,PureEarth,Haircare,Hair Serum,10.18,15,4.0,238,Sensitive,19,116,1180.88,North America,Online,No,2025-05-14
BP0072,VelvetSkin Cleanser,VelvetSkin,Skincare,Cleanser,27.81,0,4.4,100,Oily,114,83,2308.23,North America,Online,Yes,2024-08-24
BP0073,LashPro Concealer,LashPro,Makeup,Concealer,27.72,10,4.8,864,All,41,100,2772.0,Europe,In-Store,Yes,2024-06-01
BP0074,PureEarth Cleanser,PureEarth,Skincare,Cleanser,19.19,0,3.9,658,Oily,267,118,2264.42,Latin America,Online,Yes,2025-02-04
BP0075,BloomBeauty Mascara,BloomBeauty,Makeup,Mascara,17.56,5,4.4,462,Oily,28,57,1000.92,Asia Pacific,Online,No,2024-04-22
BP0076,VelvetSkin Shower Gel,VelvetSkin,Bath & Body,Shower Gel,15.5,0,4.4,120,Sensitive,238,34,527.0,Asia Pacific,In-Store,Yes,2025-05-21
BP0077,NuraBeauty Hair Oil,NuraBeauty,Haircare,Hair Oil,19.13,30,4.2,342,Combination,103,66,1262.58,Asia Pacific,In-Store,Yes,2024-08-16
BP0078,SunKissed Toner,SunKissed,Skincare,Toner,37.66,15,4.1,1636,Dry,329,136,5121.76,North America,Online,No,2024-11-13
BP0079,SilkStrand Liquid Lipstick,SilkStrand,Makeup,Liquid Lipstick,25.86,10,4.8,1970,Oily,88,122,3154.92,Asia Pacific,Marketplace,Yes,2025-06-21
BP0080,AuraCare Shower Gel,AuraCare,Bath & Body,Shower Gel,19.3,20,4.4,17,All,6,40,772.0,Europe,Online,Yes,2025-04-21
BP0081,AuraCare Body Mist,AuraCare,Fragrance,Body Mist,80.95,5,4.8,226,Sensitive,187,70,5666.5,Asia Pacific,In-Store,Yes,2024-07-01
BP0082,BloomBeauty Eau de Parfum,BloomBeauty,Fragrance,Eau de Parfum,74.86,0,3.7,1085,Oily,107,24,1796.64,Asia Pacific,Marketplace,Yes,2025-02-17
BP0083,SilkStrand Foundation,SilkStrand,Makeup,Foundation,38.18,0,4.0,158,Dry,265,7,267.26,Middle East,In-Store,Yes,2024-01-03
BP0084,PureEarth Body Mist,PureEarth,Fragrance,Body Mist,54.33,20,4.4,242,Sensitive,139,370,20102.1,Latin America,In-Store,Yes,2025-01-14
BP0085,Rougeon Shower Gel,Rougeon,Bath & Body,Shower Gel,21.13,0,4.9,359,Oily,106,21,443.73,Europe,Online,No,2025-05-20
BP0086,SilkStrand Eye Cream,SilkStrand,Skincare,Eye Cream,41.92,5,4.1,595,Combination,159,70,2934.4,Latin America,Online,Yes,2024-03-29
BP0087,VelvetSkin Facial Serum,VelvetSkin,Skincare,Facial Serum,21.99,0,4.1,1097,Dry,225,235,5167.65,North America,Online,Yes,2025-06-20
BP0088,BloomBeauty Blush,BloomBeauty,Makeup,Blush,26.19,0,3.9,342,All,315,11,288.09,Middle East,Online,Yes,2024-04-23
BP0089,SunKissed Mascara,SunKissed,Makeup,Mascara,29.27,20,3.8,417,All,288,250,7317.5,Asia Pacific,Marketplace,No,2024-04-01
BP0090,NuraBeauty Conditioner,NuraBeauty,Haircare,Conditioner,12.15,25,4.5,1067,All,313,73,886.95,Europe,Online,Yes,2024-12-28
BP0091,SilkStrand Moisturizer,SilkStrand,Skincare,Moisturizer,34.39,0,3.5,61,Oily,187,0,0.0,Latin America,In-Store,Yes,2024-11-21
BP0092,PureEarth Mascara,PureEarth,Makeup,Mascara,16.87,0,4.4,179,Dry,11,6,101.22,Europe,Online,Yes,2024-01-22
BP0093,LashPro Cologne,LashPro,Fragrance,Cologne,76.25,0,5.0,241,All,394,199,15173.75,Asia Pacific,Online,Yes,2025-06-21
BP0094,NuraBeauty Shower Gel,NuraBeauty,Bath & Body,Shower Gel,17.31,30,4.1,591,Sensitive,287,8,138.48,Middle East,In-Store,No,2025-06-22
BP0095,PureEarth Sunscreen Lotion,PureEarth,Skincare,Sunscreen Lotion,9.9,0,4.1,193,Oily,444,25,247.5,North America,In-Store,Yes,2025-06-07
BP0096,NuraBeauty Highlighter Palette,NuraBeauty,Makeup,Highlighter Palette,22.4,5,4.5,736,Oily,499,0,0.0,Latin America,Online,No,2025-06-19
BP0097,SilkStrand Hair Serum,SilkStrand,Haircare,Hair Serum,20.36,30,4.0,281,Dry,443,5,101.8,Latin America,Online,Yes,2024-12-09
BP0098,Rougeon Sunscreen Lotion,Rougeon,Skincare,Sunscreen Lotion,18.82,10,4.9,1838,Combination,300,167,3142.94,Middle East,In-Store,No,2025-01-26
BP0099,NuraBeauty Toner,NuraBeauty,Skincare,Toner,24.83,20,4.3,329,Sensitive,147,48,1191.84,Europe,Online,Yes,2024-01-02
BP0100,LashPro Sunscreen Lotion,LashPro,Skincare,Sunscreen Lotion,14.42,5,3.9,1896,Oily,173,140,2018.8,Europe,Online,Yes,2025-03-03
BP0101,BloomBeauty Hair Serum,BloomBeauty,Haircare,Hair Serum,27.3,0,4.9,177,Sensitive,263,350,9555.0,Middle East,In-Store,Yes,2024-11-13
BP0102,BloomBeauty Hair Mask,BloomBeauty,Haircare,Hair Mask,16.75,0,4.8,515,Dry,187,156,2613.0,Asia Pacific,In-Store,Yes,2024-01-12
BP0103,SunKissed Body Mist,SunKissed,Fragrance,Body Mist,65.06,0,4.1,537,Combination,299,90,5855.4,Europe,In-Store,Yes,2024-12-17
BP0104,SunKissed Face Mask,SunKissed,Skincare,Face Mask,23.96,10,3.7,113,Sensitive,304,240,5750.4,Europe,In-Store,Yes,2025-02-07
BP0105,VelvetSkin Hair Mask,VelvetSkin,Haircare,Hair Mask,24.0,10,5.0,443,Oily,116,58,1392.0,Middle East,Marketplace,No,2025-02-21
BP0106,BloomBeauty Body Scrub,BloomBeauty,Bath & Body,Body Scrub,8.29,0,3.7,313,All,398,31,256.99,Europe,In-Store,Yes,2025-04-22
BP0107,PureEarth Shower Gel,PureEarth,Bath & Body,Shower Gel,14.87,30,4.8,141,Sensitive,380,69,1026.03,North America,In-Store,Yes,2024-05-24
BP0108,PureEarth Sunscreen Lotion,PureEarth,Skincare,Sunscreen Lotion,38.86,0,4.0,70,All,406,68,2642.48,Asia Pacific,Marketplace,Yes,2024-09-26
BP0109,GlowLab Hair Serum,GlowLab,Haircare,Hair Serum,31.8,15,3.8,1483,Dry,63,50,1590.0,Middle East,Online,Yes,2024-07-22
BP0110,BloomBeauty Cologne,BloomBeauty,Fragrance,Cologne,50.01,0,4.2,157,Oily,456,85,4250.85,Middle East,Online,Yes,2024-01-01
BP0111,GlowLab Body Lotion,GlowLab,Bath & Body,Body Lotion,11.91,20,4.3,80,All,241,401,4775.91,Asia Pacific,Online,Yes,2024-08-04
BP0112,Rougeon Blush,Rougeon,Makeup,Blush,23.0,0,3.5,67,All,307,144,3312.0,Europe,In-Store,No,2024-01-08
BP0113,BloomBeauty Hair Oil,BloomBeauty,Haircare,Hair Oil,23.07,0,3.8,1922,Combination,457,0,0.0,Europe,In-Store,Yes,2024-10-29
BP0114,LashPro Body Scrub,LashPro,Bath & Body,Body Scrub,9.35,20,4.6,537,All,303,125,1168.75,Europe,Online,Yes,2024-06-09
BP0115,NuraBeauty Hair Oil,NuraBeauty,Haircare,Hair Oil,19.91,15,4.0,724,Sensitive,101,67,1333.97,Europe,In-Store,Yes,2024-10-05
BP0116,SilkStrand Cleanser,SilkStrand,Skincare,Cleanser,15.48,0,3.6,594,Sensitive,92,69,1068.12,North America,Online,Yes,2024-10-17
BP0117,AuraCare Concealer,AuraCare,Makeup,Concealer,20.02,0,4.9,390,Oily,453,292,5845.84,Latin America,Online,Yes,2024-01-12
BP0118,SilkStrand Toner,SilkStrand,Skincare,Toner,33.83,25,4.6,1556,All,20,22,744.26,Latin America,Marketplace,Yes,2024-02-20
BP0119,LashPro Mascara,LashPro,Makeup,Mascara,13.91,0,3.9,183,Sensitive,290,102,1418.82,Europe,In-Store,Yes,2024-01-02
BP0120,SilkStrand Face Mask,SilkStrand,Skincare,Face Mask,18.5,0,4.5,372,Dry,425,22,407.0,Middle East,Online,Yes,2025-01-19
BP0121,SilkStrand Sunscreen Lotion,SilkStrand,Skincare,Sunscreen Lotion,30.43,0,5.0,450,Oily,8,121,3682.03,Europe,Online,Yes,2024-05-31
BP0122,VelvetSkin Shampoo,VelvetSkin,Haircare,Shampoo,16.14,0,4.8,550,Oily,402,115,1856.1,North America,Online,No,2025-04-27
BP0123,PureEarth Concealer,PureEarth,Makeup,Concealer,28.57,10,4.9,395,Oily,456,56,1599.92,Latin America,Online,Yes,2024-11-15
BP0124,SilkStrand Concealer,SilkStrand,Makeup,Concealer,27.3,0,4.1,462,Oily,287,35,955.5,Middle East,Online,Yes,2024-12-18
BP0125,NuraBeauty Concealer,NuraBeauty,Makeup,Concealer,12.84,0,5.0,891,Sensitive,4,7,89.88,Latin America,Online,Yes,2024-03-07
BP0126,Rougeon Cleanser,Rougeon,Skincare,Cleanser,44.39,0,4.5,312,Sensitive,441,374,16601.86,Latin America,In-Store,Yes,2024-10-29
BP0127,SilkStrand Facial Serum,SilkStrand,Skincare,Facial Serum,20.79,10,4.8,546,Sensitive,2,312,6486.48,Latin America,Online,Yes,2024-04-13
BP0128,NuraBeauty Hair Serum,NuraBeauty,Haircare,Hair Serum,13.91,0,4.4,148,Dry,271,83,1154.53,Middle East,In-Store,Yes,2025-04-25
BP0129,NuraBeauty Mascara,NuraBeauty,Makeup,Mascara,7.15,20,4.5,252,Oily,195,247,1766.05,Asia Pacific,In-Store,No,2024-05-22
BP0130,GlowLab Eye Cream,GlowLab,Skincare,Eye Cream,28.8,0,4.3,239,Oily,157,150,4320.0,Asia Pacific,In-Store,Yes,2025-06-09
BP0131,SunKissed Moisturizer,SunKissed,Skincare,Moisturizer,28.28,15,4.3,512,Dry,449,14,395.92,North America,Marketplace,No,2024-04-19
BP0132,NuraBeauty Face Mask,NuraBeauty,Skincare,Face Mask,33.0,0,4.7,64,All,481,81,2673.0,Middle East,Online,No,2024-01-12
BP0133,LashPro Cleanser,LashPro,Skincare,Cleanser,18.79,15,4.2,511,All,42,114,2142.06,Middle East,Online,Yes,2024-10-13
BP0134,Rougeon Mascara,Rougeon,Makeup,Mascara,21.04,10,4.2,2057,Combination,392,16,336.64,North America,In-Store,Yes,2025-05-08
BP0135,LashPro Toner,LashPro,Skincare,Toner,12.96,0,4.7,488,Sensitive,421,65,842.4,Latin America,Marketplace,Yes,2025-04-27
BP0136,BloomBeauty Eau de Parfum,BloomBeauty,Fragrance,Eau de Parfum,50.52,5,3.9,781,All,137,132,6668.64,Latin America,Online,No,2024-07-31
BP0137,LashPro Sunscreen Lotion,LashPro,Skincare,Sunscreen Lotion,14.4,0,4.0,519,All,307,35,504.0,Latin America,Online,Yes,2024-08-14
BP0138,AuraCare Eyeshadow Palette,AuraCare,Makeup,Eyeshadow Palette,15.32,5,4.7,582,Sensitive,47,33,505.56,Europe,Marketplace,Yes,2024-08-19
BP0139,BloomBeauty Conditioner,BloomBeauty,Haircare,Conditioner,26.2,0,4.9,34,All,466,10,262.0,Middle East,Online,Yes,2024-04-10
BP0140,SunKissed Hair Serum,SunKissed,Haircare,Hair Serum,9.51,15,3.9,215,Combination,390,182,1730.82,Asia Pacific,Online,Yes,2024-09-17
BP0141,BloomBeauty Moisturizer,BloomBeauty,Skincare,Moisturizer,28.29,0,4.0,1145,Dry,328,54,1527.66,Europe,Online,Yes,2025-01-16
BP0142,Rougeon Shower Gel,Rougeon,Bath & Body,Shower Gel,10.9,25,4.2,321,Oily,373,78,850.2,Middle East,Online,Yes,2025-06-05
BP0143,VelvetSkin Facial Serum,VelvetSkin,Skincare,Facial Serum,10.97,0,3.5,474,Sensitive,413,315,3455.55,Middle East,Online,Yes,2024-04-22
BP0144,SilkStrand Cologne,SilkStrand,Fragrance,Cologne,71.12,10,4.0,308,Sensitive,223,16,1137.92,Asia Pacific,Online,Yes,2025-04-10
BP0145,SunKissed Moisturizer,SunKissed,Skincare,Moisturizer,23.84,0,3.9,266,All,188,160,3814.4,Asia Pacific,Online,Yes,2024-01-19
BP0146,PureEarth Liquid Lipstick,PureEarth,Makeup,Liquid Lipstick,19.03,15,3.8,4,Dry,363,153,2911.59,North America,Online,Yes,2025-04-27
BP0147,PureEarth Moisturizer,PureEarth,Skincare,Moisturizer,35.05,0,4.9,104,Dry,111,180,6309.0,Middle East,Online,No,2024-08-21
BP0148,Rougeon Hair Serum,Rougeon,Haircare,Hair Serum,22.88,0,4.7,705,Combination,100,13,297.44,Latin America,In-Store,Yes,2025-06-19
BP0149,AuraCare Hair Oil,AuraCare,Haircare,Hair Oil,8.39,5,4.8,790,Sensitive,272,105,880.95,Middle East,Online,Yes,2025-05-29
BP0150,VelvetSkin Highlighter Palette,VelvetSkin,Makeup,Highlighter Palette,31.42,30,4.7,817,Sensitive,59,43,1351.06,Asia Pacific,Online,No,2024-04-18
BP0151,SunKissed Toner,SunKissed,Skincare,Toner,16.81,25,4.2,198,Dry,145,54,907.74,North America,In-Store,No,2024-10-29
BP0152,BloomBeauty Liquid Lipstick,BloomBeauty,Makeup,Liquid Lipstick,28.55,30,4.5,62,Sensitive,74,158,4510.9,Europe,In-Store,Yes,2025-05-19
BP0153,GlowLab Face Mask,GlowLab,Skincare,Face Mask,44.53,0,5.0,598,Combination,364,178,7926.34,Asia Pacific,Online,Yes,2024-10-28
BP0154,GlowLab Highlighter Palette,GlowLab,Makeup,Highlighter Palette,24.86,0,4.3,612,Oily,259,3,74.58,Europe,Marketplace,Yes,2024-11-08
BP0155,NuraBeauty Toner,NuraBeauty,Skincare,Toner,35.51,30,4.8,1568,Sensitive,105,36,1278.36,Middle East,Online,No,2024-08-07
BP0156,AuraCare Blush,AuraCare,Makeup,Blush,16.64,0,4.6,85,Sensitive,183,4,66.56,Europe,Marketplace,Yes,2025-03-16
BP0157,VelvetSkin Shampoo,VelvetSkin,Haircare,Shampoo,11.3,10,4.4,1069,All,425,210,2373.0,North America,Online,Yes,2024-01-21
BP0158,SunKissed Facial Serum,SunKissed,Skincare,Facial Serum,31.01,10,4.2,1711,All,424,0,0.0,Latin America,Online,Yes,2025-05-04
BP0159,Rougeon Eyeshadow Palette,Rougeon,Makeup,Eyeshadow Palette,27.08,15,3.4,784,Dry,16,111,3005.88,Europe,Online,No,2025-05-31
BP0160,SunKissed Shampoo,SunKissed,Haircare,Shampoo,21.9,0,5.0,32,Sensitive,58,71,1554.9,Asia Pacific,In-Store,Yes,2024-02-01
BP0161,LashPro Cleanser,LashPro,Skincare,Cleanser,13.83,5,4.3,1051,Sensitive,91,34,470.22,Latin America,Online,No,2024-02-27
BP0162,SunKissed Concealer,SunKissed,Makeup,Concealer,20.58,0,4.7,344,Sensitive,278,205,4218.9,Europe,Online,Yes,2024-11-02
BP0163,NuraBeauty Toner,NuraBeauty,Skincare,Toner,46.36,20,4.7,799,Oily,41,66,3059.76,Middle East,Online,Yes,2025-01-21
BP0164,GlowLab Cleanser,GlowLab,Skincare,Cleanser,23.82,20,4.3,226,Sensitive,175,17,404.94,Middle East,In-Store,Yes,2024-12-31
BP0165,SilkStrand Body Mist,SilkStrand,Fragrance,Body Mist,53.47,0,4.5,2071,All,157,115,6149.05,Middle East,Marketplace,Yes,2025-05-20
BP0166,SunKissed Facial Serum,SunKissed,Skincare,Facial Serum,45.57,10,4.4,1104,All,226,20,911.4,Latin America,Online,Yes,2025-04-30
BP0167,Rougeon Face Mask,Rougeon,Skincare,Face Mask,26.38,0,4.8,221,Oily,469,208,5487.04,Middle East,Online,Yes,2024-10-03
BP0168,LashPro Conditioner,LashPro,Haircare,Conditioner,19.57,10,4.5,106,Combination,440,66,1291.62,North America,In-Store,Yes,2024-10-15
BP0169,SilkStrand Toner,SilkStrand,Skincare,Toner,32.6,25,3.9,2398,Combination,3,238,7758.8,Latin America,Online,No,2024-10-28
BP0170,SunKissed Facial Serum,SunKissed,Skincare,Facial Serum,36.42,0,4.4,0,Combination,90,55,2003.1,Middle East,Online,No,2025-06-25
BP0171,AuraCare Cleanser,AuraCare,Skincare,Cleanser,33.3,5,4.7,914,All,326,113,3762.9,North America,Online,Yes,2025-01-09
BP0172,PureEarth Concealer,PureEarth,Makeup,Concealer,13.63,0,4.3,138,Dry,375,38,517.94,Asia Pacific,Online,No,2024-11-29
BP0173,Rougeon Hand Cream,Rougeon,Bath & Body,Hand Cream,19.99,0,5.0,1114,All,61,187,3738.13,Middle East,In-Store,No,2025-05-08
BP0174,PureEarth Toner,PureEarth,Skincare,Toner,18.91,0,4.4,49,All,392,130,2458.3,North America,Online,Yes,2025-04-24
BP0175,BloomBeauty Highlighter Palette,BloomBeauty,Makeup,Highlighter Palette,30.32,0,4.2,460,Oily,307,67,2031.44,Latin America,In-Store,No,2025-05-19
BP0176,LashPro Highlighter Palette,LashPro,Makeup,Highlighter Palette,18.2,20,3.3,528,Oily,471,108,1965.6,North America,Online,Yes,2024-03-27
BP0177,BloomBeauty Sunscreen Lotion,BloomBeauty,Skincare,Sunscreen Lotion,25.84,0,3.5,109,Combination,431,36,930.24,North America,Online,Yes,2024-02-18
BP0178,GlowLab Toner,GlowLab,Skincare,Toner,38.63,0,4.1,424,Oily,362,1,38.63,North America,Online,Yes,2025-06-12
BP0179,SilkStrand Liquid Lipstick,SilkStrand,Makeup,Liquid Lipstick,33.31,25,4.3,2468,All,126,35,1165.85,North America,Online,Yes,2024-01-19
BP0180,GlowLab Hair Mask,GlowLab,Haircare,Hair Mask,14.96,0,4.4,148,Dry,174,244,3650.24,Europe,Online,Yes,2025-02-23
BP0181,GlowLab Highlighter Palette,GlowLab,Makeup,Highlighter Palette,23.58,0,4.2,552,Dry,201,51,1202.58,Asia Pacific,In-Store,Yes,2024-07-28
BP0182,LashPro Face Mask,LashPro,Skincare,Face Mask,41.05,0,4.6,377,Combination,399,564,23152.2,Europe,Online,Yes,2024-09-24
BP0183,PureEarth Mascara,PureEarth,Makeup,Mascara,21.12,0,3.9,210,Dry,293,222,4688.64,Asia Pacific,Online,Yes,2025-03-04
BP0184,Rougeon Hair Mask,Rougeon,Haircare,Hair Mask,12.15,10,3.4,432,Dry,62,11,133.65,Asia Pacific,In-Store,No,2024-04-27
BP0185,PureEarth Highlighter Palette,PureEarth,Makeup,Highlighter Palette,17.17,0,4.4,717,Sensitive,274,1,17.17,Middle East,Online,Yes,2025-02-22
BP0186,GlowLab Liquid Lipstick,GlowLab,Makeup,Liquid Lipstick,26.75,0,4.9,226,Sensitive,439,528,14124.0,North America,Online,Yes,2025-03-09
BP0187,LashPro Foundation,LashPro,Makeup,Foundation,19.2,25,4.2,1299,Combination,233,58,1113.6,Asia Pacific,Online,Yes,2024-09-01
BP0188,PureEarth Moisturizer,PureEarth,Skincare,Moisturizer,4.99,30,3.8,2635,Dry,368,10,49.9,Asia Pacific,Marketplace,Yes,2025-05-14
BP0189,PureEarth Hair Oil,PureEarth,Haircare,Hair Oil,34.59,0,3.6,92,All,378,215,7436.85,Asia Pacific,Online,No,2025-02-19
BP0190,PureEarth Blush,PureEarth,Makeup,Blush,20.43,15,4.5,213,Sensitive,446,15,306.45,Asia Pacific,Online,Yes,2024-05-18
BP0191,VelvetSkin Shampoo,VelvetSkin,Haircare,Shampoo,24.71,5,4.0,309,All,7,2,49.42,North America,In-Store,Yes,2024-03-04
BP0192,BloomBeauty Blush,BloomBeauty,Makeup,Blush,22.16,0,4.1,66,Dry,183,36,797.76,Europe,Marketplace,No,2025-06-12
BP0193,BloomBeauty Toner,BloomBeauty,Skincare,Toner,10.62,20,4.8,168,Dry,445,171,1816.02,Asia Pacific,Online,Yes,2025-05-13
BP0194,SunKissed Body Scrub,SunKissed,Bath & Body,Body Scrub,22.97,20,5.0,821,Combination,47,664,15252.08,Middle East,Online,No,2024-12-02
BP0195,SunKissed Cleanser,SunKissed,Skincare,Cleanser,33.82,0,3.1,492,Oily,479,314,10619.48,Asia Pacific,Marketplace,Yes,2024-11-15
BP0196,VelvetSkin Cologne,VelvetSkin,Fragrance,Cologne,82.85,0,4.4,2330,Oily,263,619,51284.15,Asia Pacific,In-Store,Yes,2024-01-25
BP0197,NuraBeauty Sunscreen Lotion,NuraBeauty,Skincare,Sunscreen Lotion,33.73,0,4.5,475,Dry,289,6,202.38,Middle East,Online,Yes,2024-12-23
BP0198,Rougeon Eyeshadow Palette,Rougeon,Makeup,Eyeshadow Palette,22.73,0,4.6,59,Oily,233,31,704.63,Middle East,Online,Yes,2025-04-18
BP0199,SunKissed Eye Cream,SunKissed,Skincare,Eye Cream,36.13,0,4.2,193,All,294,27,975.51,North America,Online,Yes,2025-06-16
BP0200,SilkStrand Hair Serum,SilkStrand,Haircare,Hair Serum,4.99,5,4.4,440,Sensitive,147,137,683.63,Europe,In-Store,No,2024-02-22
BP0201,SilkStrand Eyeshadow Palette,SilkStrand,Makeup,Eyeshadow Palette,15.13,0,4.9,86,Oily,337,206,3116.78,Asia Pacific,Online,Yes,2025-03-16
BP0202,BloomBeauty Cleanser,BloomBeauty,Skincare,Cleanser,29.86,0,4.7,314,All,427,159,4747.74,Latin America,Marketplace,No,2024-05-16
BP0203,SunKissed Conditioner,SunKissed,Haircare,Conditioner,16.57,10,4.6,1663,All,400,137,2270.09,Europe,In-Store,Yes,2024-06-23
BP0204,VelvetSkin Hair Serum,VelvetSkin,Haircare,Hair Serum,11.35,0,4.7,55,Combination,210,122,1384.7,Europe,Online,No,2025-05-16
BP0205,Rougeon Blush,Rougeon,Makeup,Blush,28.89,20,4.6,1,Dry,12,61,1762.29,Latin America,Online,Yes,2025-06-11
BP0206,LashPro Hair Serum,LashPro,Haircare,Hair Serum,24.12,0,4.9,174,Sensitive,273,157,3786.84,Middle East,Online,No,2025-06-23
BP0207,SunKissed Cologne,SunKissed,Fragrance,Cologne,74.29,0,4.5,761,All,43,5,371.45,Europe,Online,Yes,2024-04-11
BP0208,SunKissed Moisturizer,SunKissed,Skincare,Moisturizer,4.99,15,4.2,378,Sensitive,23,154,768.46,North America,Marketplace,Yes,2024-07-06
BP0209,GlowLab Blush,GlowLab,Makeup,Blush,23.07,0,4.3,67,All,169,174,4014.18,North America,Online,Yes,2024-05-13
BP0210,AuraCare Eye Cream,AuraCare,Skincare,Eye Cream,34.16,15,3.8,422,Combination,372,121,4133.36,Middle East,In-Store,Yes,2025-04-01
BP0211,BloomBeauty Eyeshadow Palette,BloomBeauty,Makeup,Eyeshadow Palette,22.18,15,4.4,462,All,78,5,110.9,Middle East,Online,No,2024-04-13
BP0212,BloomBeauty Body Scrub,BloomBeauty,Bath & Body,Body Scrub,8.38,15,4.1,108,Oily,440,116,972.08,Europe,Online,Yes,2024-12-04
BP0213,GlowLab Blush,GlowLab,Makeup,Blush,24.47,0,4.2,171,Sensitive,56,262,6411.14,North America,In-Store,Yes,2024-01-05
BP0214,Rougeon Facial Serum,Rougeon,Skincare,Facial Serum,38.15,0,4.0,218,Oily,276,389,14840.35,Europe,Online,Yes,2024-10-28
BP0215,VelvetSkin Sunscreen Lotion,VelvetSkin,Skincare,Sunscreen Lotion,32.39,0,4.4,138,Dry,271,118,3822.02,Middle East,Marketplace,Yes,2024-03-30
BP0216,SunKissed Mascara,SunKissed,Makeup,Mascara,16.46,0,4.1,6,Sensitive,107,187,3078.02,Asia Pacific,Online,No,2024-09-29
BP0217,VelvetSkin Shower Gel,VelvetSkin,Bath & Body,Shower Gel,14.55,0,3.8,633,Dry,426,130,1891.5,Asia Pacific,Marketplace,Yes,2024-04-02
BP0218,AuraCare Sunscreen Lotion,AuraCare,Skincare,Sunscreen Lotion,23.2,0,4.5,361,Combination,277,64,1484.8,North America,Online,Yes,2024-06-21
BP0219,Rougeon Foundation,Rougeon,Makeup,Foundation,15.45,0,4.8,249,All,93,299,4619.55,North America,Online,No,2024-01-17
BP0220,Rougeon Foundation,Rougeon,Makeup,Foundation,11.52,0,4.6,106,All,403,11,126.72,Europe,In-Store,Yes,2024-02-10
BP0221,VelvetSkin Moisturizer,VelvetSkin,Skincare,Moisturizer,12.91,25,5.0,433,Combination,75,169,2181.79,Asia Pacific,Online,No,2024-07-17
BP0222,LashPro Eau de Parfum,LashPro,Fragrance,Eau de Parfum,27.69,25,4.4,147,Combination,111,228,6313.32,Middle East,In-Store,Yes,2025-04-19
BP0223,VelvetSkin Foundation,VelvetSkin,Makeup,Foundation,26.3,25,4.6,217,Sensitive,322,84,2209.2,North America,Online,Yes,2024-09-04
BP0224,NuraBeauty Eyeshadow Palette,NuraBeauty,Makeup,Eyeshadow Palette,15.27,5,4.3,1807,All,316,67,1023.09,Asia Pacific,Online,No,2024-02-07
BP0225,SilkStrand Eyeshadow Palette,SilkStrand,Makeup,Eyeshadow Palette,25.98,0,4.4,851,Combination,434,21,545.58,Asia Pacific,Marketplace,No,2025-06-11
BP0226,SilkStrand Liquid Lipstick,SilkStrand,Makeup,Liquid Lipstick,32.62,0,4.5,91,Dry,464,361,11775.82,Europe,Online,Yes,2025-03-11
BP0227,GlowLab Liquid Lipstick,GlowLab,Makeup,Liquid Lipstick,14.07,20,4.5,1795,Oily,103,22,309.54,Asia Pacific,In-Store,Yes,2025-02-10
BP0228,NuraBeauty Moisturizer,NuraBeauty,Skincare,Moisturizer,22.53,0,3.9,204,Sensitive,244,230,5181.9,North America,In-Store,Yes,2024-06-23
BP0229,LashPro Moisturizer,LashPro,Skincare,Moisturizer,34.82,10,4.6,242,Combination,42,215,7486.3,Europe,In-Store,Yes,2024-11-10
BP0230,PureEarth Foundation,PureEarth,Makeup,Foundation,32.73,10,4.3,992,All,239,189,6185.97,Asia Pacific,Marketplace,No,2025-04-02
BP0231,VelvetSkin Mascara,VelvetSkin,Makeup,Mascara,20.05,0,4.8,36,Combination,113,212,4250.6,Asia Pacific,In-Store,No,2025-05-14
BP0232,PureEarth Concealer,PureEarth,Makeup,Concealer,12.79,0,3.8,485,Dry,4,157,2008.03,Latin America,Online,Yes,2024-02-28
BP0233,PureEarth Cleanser,PureEarth,Skincare,Cleanser,29.61,25,4.3,768,Combination,127,163,4826.43,Middle East,Online,No,2024-12-03
BP0234,AuraCare Cleanser,AuraCare,Skincare,Cleanser,25.74,0,3.9,669,Oily,467,63,1621.62,Asia Pacific,Online,Yes,2025-01-21
BP0235,VelvetSkin Toner,VelvetSkin,Skincare,Toner,30.03,5,4.3,462,Combination,156,308,9249.24,Middle East,Online,Yes,2024-05-27
BP0236,PureEarth Concealer,PureEarth,Makeup,Concealer,25.68,0,3.8,613,Dry,442,35,898.8,Middle East,Online,No,2025-03-27
BP0237,BloomBeauty Eye Cream,BloomBeauty,Skincare,Eye Cream,33.86,30,4.8,233,All,283,115,3893.9,Latin America,In-Store,Yes,2024-05-16
BP0238,AuraCare Eyeshadow Palette,AuraCare,Makeup,Eyeshadow Palette,14.18,15,4.6,546,Oily,369,161,2282.98,Europe,Online,Yes,2025-05-21
BP0239,NuraBeauty Eau de Parfum,NuraBeauty,Fragrance,Eau de Parfum,60.08,0,3.7,555,Oily,211,21,1261.68,North America,In-Store,No,2024-04-20
BP0240,PureEarth Facial Serum,PureEarth,Skincare,Facial Serum,18.46,0,3.5,121,Dry,330,106,1956.76,Europe,Marketplace,Yes,2024-10-01
BP0241,AuraCare Conditioner,AuraCare,Haircare,Conditioner,7.44,0,4.3,2197,Combination,493,54,401.76,North America,Online,Yes,2024-10-21
BP0242,Rougeon Eau de Parfum,Rougeon,Fragrance,Eau de Parfum,50.56,15,4.9,497,Combination,122,141,7128.96,Europe,Online,Yes,2024-09-08
BP0243,BloomBeauty Blush,BloomBeauty,Makeup,Blush,23.26,0,4.8,112,All,362,78,1814.28,Middle East,Online,No,2024-05-08
BP0244,BloomBeauty Hair Serum,BloomBeauty,Haircare,Hair Serum,16.24,25,4.2,36,Oily,347,129,2094.96,Asia Pacific,In-Store,Yes,2024-03-09
BP0245,SilkStrand Mascara,SilkStrand,Makeup,Mascara,26.0,25,4.0,39,Dry,236,41,1066.0,Latin America,Online,Yes,2024-06-25
BP0246,NuraBeauty Eau de Parfum,NuraBeauty,Fragrance,Eau de Parfum,60.93,10,3.4,791,Dry,75,228,13892.04,Asia Pacific,Online,Yes,2025-04-01
BP0247,LashPro Cleanser,LashPro,Skincare,Cleanser,23.91,0,4.2,90,All,449,88,2104.08,Middle East,Online,Yes,2024-10-15
BP0248,AuraCare Conditioner,AuraCare,Haircare,Conditioner,13.09,5,4.2,125,Dry,233,110,1439.9,Asia Pacific,Online,No,2025-01-16
BP0249,GlowLab Blush,GlowLab,Makeup,Blush,29.39,0,3.4,596,Oily,448,24,705.36,Europe,Online,Yes,2024-04-02
BP0250,SilkStrand Eyeshadow Palette,SilkStrand,Makeup,Eyeshadow Palette,23.03,15,4.0,115,All,281,268,6172.04,Europe,Online,Yes,2024-07-11
BP0251,SunKissed Sunscreen Lotion,SunKissed,Skincare,Sunscreen Lotion,47.88,15,4.7,583,Sensitive,143,0,0.0,Middle East,In-Store,No,2024-04-02
BP0252,BloomBeauty Foundation,BloomBeauty,Makeup,Foundation,18.33,0,4.9,101,Oily,424,255,4674.15,Asia Pacific,Online,Yes,2025-06-25
BP0253,VelvetSkin Moisturizer,VelvetSkin,Skincare,Moisturizer,25.3,15,4.7,390,Sensitive,334,5,126.5,North America,Marketplace,Yes,2024-03-22
BP0254,AuraCare Eyeshadow Palette,AuraCare,Makeup,Eyeshadow Palette,12.45,25,4.0,215,Combination,438,54,672.3,Asia Pacific,Online,Yes,2024-05-01
BP0255,GlowLab Mascara,GlowLab,Makeup,Mascara,30.12,15,3.7,50,Dry,419,171,5150.52,Europe,Online,No,2025-01-02
BP0256,SunKissed Liquid Lipstick,SunKissed,Makeup,Liquid Lipstick,27.52,5,4.9,677,Sensitive,264,48,1320.96,Latin America,Online,No,2025-02-03
BP0257,AuraCare Hair Mask,AuraCare,Haircare,Hair Mask,29.75,0,4.7,85,Oily,444,148,4403.0,Asia Pacific,Online,Yes,2024-08-24
BP0258,GlowLab Hand Cream,GlowLab,Bath & Body,Hand Cream,9.54,0,4.4,293,Oily,317,189,1803.06,North America,Online,Yes,2024-08-09
BP0259,AuraCare Eau de Parfum,AuraCare,Fragrance,Eau de Parfum,72.29,10,3.8,867,Oily,486,172,12433.88,Middle East,Online,No,2024-12-05
BP0260,PureEarth Facial Serum,PureEarth,Skincare,Facial Serum,24.74,15,4.5,407,Oily,175,44,1088.56,Asia Pacific,Online,No,2025-03-30
BP0261,GlowLab Cologne,GlowLab,Fragrance,Cologne,41.38,0,4.4,49,Sensitive,139,43,1779.34,Asia Pacific,In-Store,Yes,2025-04-02
BP0262,GlowLab Eyeshadow Palette,GlowLab,Makeup,Eyeshadow Palette,17.93,15,4.7,6,Sensitive,303,43,770.99,Europe,In-Store,Yes,2024-12-21
BP0263,SunKissed Foundation,SunKissed,Makeup,Foundation,26.77,5,4.4,442,Dry,67,558,14937.66,Asia Pacific,Online,Yes,2024-03-14
BP0264,VelvetSkin Blush,VelvetSkin,Makeup,Blush,9.59,25,3.7,481,Combination,388,651,6243.09,Middle East,Online,Yes,2024-04-22
BP0265,Rougeon Foundation,Rougeon,Makeup,Foundation,26.57,0,4.2,58,Combination,276,117,3108.69,North America,In-Store,Yes,2024-06-30
BP0266,GlowLab Highlighter Palette,GlowLab,Makeup,Highlighter Palette,23.94,0,3.9,303,Dry,92,354,8474.76,Europe,Online,Yes,2024-04-21
BP0267,LashPro Concealer,LashPro,Makeup,Concealer,20.3,5,4.5,335,All,460,103,2090.9,North America,Online,Yes,2025-03-13
BP0268,LashPro Concealer,LashPro,Makeup,Concealer,19.48,10,4.1,44,Sensitive,115,31,603.88,Asia Pacific,Online,No,2024-02-14
BP0269,VelvetSkin Blush,VelvetSkin,Makeup,Blush,15.78,0,4.0,587,Dry,263,337,5317.86,Latin America,Online,Yes,2024-10-02
BP0270,AuraCare Liquid Lipstick,AuraCare,Makeup,Liquid Lipstick,15.34,30,4.2,118,Oily,250,74,1135.16,Europe,Online,Yes,2025-04-29
BP0271,VelvetSkin Toner,VelvetSkin,Skincare,Toner,23.97,0,4.1,497,All,349,0,0.0,Europe,Online,Yes,2024-02-18
BP0272,BloomBeauty Body Scrub,BloomBeauty,Bath & Body,Body Scrub,16.05,5,4.4,39,Oily,30,41,658.05,Middle East,In-Store,Yes,2024-07-08
BP0273,VelvetSkin Concealer,VelvetSkin,Makeup,Concealer,10.02,0,4.6,334,Dry,64,72,721.44,Europe,In-Store,Yes,2024-04-15
BP0274,Rougeon Facial Serum,Rougeon,Skincare,Facial Serum,39.07,10,4.6,990,All,336,169,6602.83,Middle East,Online,Yes,2024-03-22
BP0275,SunKissed Concealer,SunKissed,Makeup,Concealer,14.39,10,4.4,804,Sensitive,186,171,2460.69,Latin America,Marketplace,Yes,2024-08-16
BP0276,BloomBeauty Concealer,BloomBeauty,Makeup,Concealer,22.07,0,3.7,232,Combination,485,14,308.98,Middle East,Online,Yes,2025-03-26
BP0277,BloomBeauty Body Mist,BloomBeauty,Fragrance,Body Mist,56.3,0,4.5,77,Combination,393,49,2758.7,Asia Pacific,Online,No,2024-12-14
BP0278,PureEarth Hair Serum,PureEarth,Haircare,Hair Serum,15.73,0,4.5,152,All,44,243,3822.39,Europe,Online,No,2025-05-14
BP0279,GlowLab Blush,GlowLab,Makeup,Blush,13.0,10,4.0,1483,Combination,473,183,2379.0,Latin America,Online,No,2025-05-11
BP0280,Rougeon Concealer,Rougeon,Makeup,Concealer,33.21,25,4.3,1368,Oily,220,144,4782.24,Europe,Online,Yes,2025-04-11
BP0281,PureEarth Blush,PureEarth,Makeup,Blush,5.41,0,5.0,913,Dry,43,2,10.82,Europe,Online,No,2024-05-19
BP0282,GlowLab Foundation,GlowLab,Makeup,Foundation,11.22,0,4.5,28,Combination,350,176,1974.72,Europe,In-Store,No,2025-02-27
BP0283,SunKissed Sunscreen Lotion,SunKissed,Skincare,Sunscreen Lotion,43.03,0,4.4,133,Combination,343,0,0.0,Asia Pacific,Online,No,2024-04-13
BP0284,VelvetSkin Foundation,VelvetSkin,Makeup,Foundation,26.08,10,4.1,1470,Combination,243,158,4120.64,Europe,Marketplace,Yes,2024-02-27
BP0285,SilkStrand Highlighter Palette,SilkStrand,Makeup,Highlighter Palette,29.73,25,4.2,162,Combination,283,33,981.09,Europe,Marketplace,No,2025-03-22
BP0286,NuraBeauty Concealer,NuraBeauty,Makeup,Concealer,25.58,25,3.9,159,All,24,290,7418.2,Asia Pacific,Online,Yes,2025-05-24
BP0287,SunKissed Mascara,SunKissed,Makeup,Mascara,13.36,0,5.0,257,Oily,339,168,2244.48,Middle East,Online,Yes,2024-07-01
BP0288,AuraCare Conditioner,AuraCare,Haircare,Conditioner,24.42,0,4.4,864,All,445,77,1880.34,Middle East,Online,No,2024-05-22
BP0289,PureEarth Hair Serum,PureEarth,Haircare,Hair Serum,6.62,0,4.8,219,Combination,111,28,185.36,Middle East,In-Store,No,2024-07-10
BP0290,VelvetSkin Facial Serum,VelvetSkin,Skincare,Facial Serum,32.57,5,4.5,55,All,180,71,2312.47,Asia Pacific,Marketplace,Yes,2024-07-15
BP0291,SunKissed Hair Mask,SunKissed,Haircare,Hair Mask,20.67,15,5.0,54,Oily,204,98,2025.66,Latin America,Online,Yes,2025-04-01
BP0292,SilkStrand Moisturizer,SilkStrand,Skincare,Moisturizer,13.25,0,4.4,2274,Dry,320,16,212.0,Europe,Online,No,2025-02-08
BP0293,GlowLab Body Mist,GlowLab,Fragrance,Body Mist,34.25,5,4.0,44,Dry,495,75,2568.75,Asia Pacific,Online,Yes,2024-08-26
BP0294,GlowLab Hair Oil,GlowLab,Haircare,Hair Oil,12.52,0,4.0,8,All,469,8,100.16,North America,In-Store,Yes,2024-01-05
BP0295,Rougeon Shampoo,Rougeon,Haircare,Shampoo,21.39,0,4.2,931,Sensitive,374,84,1796.76,Asia Pacific,Online,Yes,2025-02-22
BP0296,VelvetSkin Mascara,VelvetSkin,Makeup,Mascara,15.54,0,3.6,1147,Oily,64,68,1056.72,Middle East,Online,No,2024-05-07
BP0297,VelvetSkin Highlighter Palette,VelvetSkin,Makeup,Highlighter Palette,22.22,10,4.2,21,All,345,19,422.18,Latin America,In-Store,Yes,2024-05-15
BP0298,Rougeon Body Lotion,Rougeon,Bath & Body,Body Lotion,16.18,15,4.6,496,Combination,285,165,2669.7,Europe,Online,No,2025-02-26
BP0299,BloomBeauty Sunscreen Lotion,BloomBeauty,Skincare,Sunscreen Lotion,30.49,0,4.2,347,Oily,145,31,945.19,Europe,Online,Yes,2024-07-20
BP0300,AuraCare Face Mask,AuraCare,Skincare,Face Mask,27.07,0,4.5,651,All,415,130,3519.1,Asia Pacific,Marketplace,No,2024-05-29
BP0301,NuraBeauty Shower Gel,NuraBeauty,Bath & Body,Shower Gel,23.66,0,4.7,582,Dry,250,332,7855.12,Europe,In-Store,Yes,2024-06-23
BP0302,Rougeon Body Lotion,Rougeon,Bath & Body,Body Lotion,13.42,0,3.8,707,Oily,493,58,778.36,North America,Online,Yes,2024-12-20
BP0303,PureEarth Face Mask,PureEarth,Skincare,Face Mask,24.34,20,4.1,1014,Sensitive,120,62,1509.08,Asia Pacific,Online,Yes,2024-08-28
BP0304,AuraCare Hair Serum,AuraCare,Haircare,Hair Serum,7.09,0,4.9,1821,Oily,473,37,262.33,Asia Pacific,In-Store,No,2024-03-12
BP0305,GlowLab Highlighter Palette,GlowLab,Makeup,Highlighter Palette,15.1,0,3.9,150,All,89,10,151.0,Middle East,Online,No,2024-06-23
BP0306,SilkStrand Moisturizer,SilkStrand,Skincare,Moisturizer,27.89,15,4.0,291,Combination,398,57,1589.73,Middle East,Online,No,2024-01-21
BP0307,NuraBeauty Toner,NuraBeauty,Skincare,Toner,20.1,5,3.8,262,Oily,452,208,4180.8,Latin America,Online,Yes,2024-02-03
BP0308,LashPro Cleanser,LashPro,Skincare,Cleanser,24.94,0,4.5,130,Combination,37,30,748.2,North America,Online,No,2024-10-14
BP0309,PureEarth Cleanser,PureEarth,Skincare,Cleanser,30.41,30,3.1,62,Oily,477,48,1459.68,Asia Pacific,In-Store,Yes,2024-07-07
BP0310,LashPro Conditioner,LashPro,Haircare,Conditioner,31.32,0,3.9,547,All,414,137,4290.84,North America,Online,No,2024-12-06
BP0311,GlowLab Cologne,GlowLab,Fragrance,Cologne,36.67,30,4.0,724,Oily,105,237,8690.79,Middle East,Online,Yes,2024-10-22
BP0312,AuraCare Face Mask,AuraCare,Skincare,Face Mask,34.7,15,4.3,195,Dry,373,26,902.2,Latin America,In-Store,Yes,2024-08-24
BP0313,Rougeon Facial Serum,Rougeon,Skincare,Facial Serum,31.6,0,3.8,264,Dry,75,0,0.0,Europe,Online,Yes,2024-02-08
BP0314,Rougeon Concealer,Rougeon,Makeup,Concealer,21.53,0,4.3,25,Sensitive,100,101,2174.53,Latin America,Online,No,2024-05-07
BP0315,LashPro Eau de Parfum,LashPro,Fragrance,Eau de Parfum,71.96,0,4.6,2593,Dry,95,128,9210.88,Middle East,In-Store,Yes,2024-10-20
BP0316,PureEarth Face Mask,PureEarth,Skincare,Face Mask,39.63,15,4.9,450,Sensitive,399,275,10898.25,Latin America,Online,Yes,2025-06-10
BP0317,PureEarth Body Scrub,PureEarth,Bath & Body,Body Scrub,13.87,0,4.0,652,Combination,205,13,180.31,North America,Online,Yes,2024-12-20
BP0318,VelvetSkin Eye Cream,VelvetSkin,Skincare,Eye Cream,29.21,0,4.7,836,Oily,428,536,15656.56,Asia Pacific,Online,Yes,2024-09-03
BP0319,BloomBeauty Eye Cream,BloomBeauty,Skincare,Eye Cream,41.9,0,3.3,1034,Combination,19,100,4190.0,North America,Online,Yes,2025-03-12
BP0320,SunKissed Hair Oil,SunKissed,Haircare,Hair Oil,26.49,10,4.0,549,Sensitive,203,99,2622.51,Middle East,In-Store,Yes,2024-08-30
BP0321,NuraBeauty Eyeshadow Palette,NuraBeauty,Makeup,Eyeshadow Palette,16.78,0,3.6,479,Combination,210,29,486.62,Europe,Online,Yes,2024-01-26
BP0322,SilkStrand Conditioner,SilkStrand,Haircare,Conditioner,17.85,0,4.5,34,Combination,153,40,714.0,Asia Pacific,Online,Yes,2025-03-02
BP0323,AuraCare Liquid Lipstick,AuraCare,Makeup,Liquid Lipstick,12.27,0,4.4,1120,Combination,358,74,907.98,North America,In-Store,Yes,2025-02-24
BP0324,BloomBeauty Facial Serum,BloomBeauty,Skincare,Facial Serum,34.14,30,4.4,563,Oily,10,52,1775.28,North America,Online,Yes,2025-05-12
BP0325,SunKissed Concealer,SunKissed,Makeup,Concealer,19.99,0,4.0,56,Sensitive,92,245,4897.55,North America,Online,No,2025-05-21
BP0326,SilkStrand Concealer,SilkStrand,Makeup,Concealer,31.07,20,4.1,72,Dry,168,20,621.4,North America,In-Store,Yes,2025-01-15
BP0327,PureEarth Toner,PureEarth,Skincare,Toner,26.02,0,4.3,483,Oily,259,93,2419.86,Europe,Marketplace,Yes,2024-10-17
BP0328,NuraBeauty Toner,NuraBeauty,Skincare,Toner,12.55,0,4.0,77,Combination,186,54,677.7,Latin America,Online,Yes,2024-10-30
BP0329,BloomBeauty Concealer,BloomBeauty,Makeup,Concealer,35.9,0,4.1,882,Oily,89,35,1256.5,Latin America,Online,No,2025-03-17
BP0330,VelvetSkin Highlighter Palette,VelvetSkin,Makeup,Highlighter Palette,19.0,0,4.9,274,All,29,131,2489.0,North America,Online,No,2025-06-07
BP0331,SilkStrand Body Lotion,SilkStrand,Bath & Body,Body Lotion,16.89,0,3.7,216,Oily,179,1,16.89,Middle East,Online,Yes,2024-09-15
BP0332,GlowLab Shampoo,GlowLab,Haircare,Shampoo,15.32,25,4.5,290,Combination,209,35,536.2,Europe,In-Store,Yes,2024-01-22
BP0333,NuraBeauty Blush,NuraBeauty,Makeup,Blush,19.22,15,4.3,268,Combination,118,76,1460.72,Europe,Online,No,2025-02-19
BP0334,AuraCare Face Mask,AuraCare,Skincare,Face Mask,6.67,0,4.6,490,Combination,366,17,113.39,Europe,Online,Yes,2024-02-04
BP0335,SunKissed Foundation,SunKissed,Makeup,Foundation,27.62,20,4.1,78,Sensitive,178,4,110.48,Latin America,In-Store,Yes,2024-01-16
BP0336,PureEarth Eyeshadow Palette,PureEarth,Makeup,Eyeshadow Palette,34.73,15,4.5,23,Combination,207,218,7571.14,North America,Online,No,2024-01-12
BP0337,LashPro Hair Serum,LashPro,Haircare,Hair Serum,20.01,5,4.4,76,All,42,95,1900.95,Europe,In-Store,No,2024-11-14
BP0338,NuraBeauty Blush,NuraBeauty,Makeup,Blush,17.47,0,4.3,204,Dry,481,3,52.41,Europe,In-Store,Yes,2025-03-07
BP0339,BloomBeauty Toner,BloomBeauty,Skincare,Toner,15.64,5,4.5,442,All,369,46,719.44,Middle East,Online,Yes,2024-04-23
BP0340,PureEarth Cologne,PureEarth,Fragrance,Cologne,57.16,10,4.3,655,Dry,192,57,3258.12,Asia Pacific,Online,Yes,2025-03-14
BP0341,LashPro Highlighter Palette,LashPro,Makeup,Highlighter Palette,14.43,0,4.5,268,All,125,86,1240.98,Middle East,In-Store,No,2025-03-19
BP0342,AuraCare Hair Oil,AuraCare,Haircare,Hair Oil,14.33,0,3.8,553,Combination,362,63,902.79,Latin America,In-Store,Yes,2025-04-07
BP0343,Rougeon Eyeshadow Palette,Rougeon,Makeup,Eyeshadow Palette,18.72,5,3.6,22,Combination,133,46,861.12,Latin America,In-Store,No,2025-06-16
BP0344,LashPro Blush,LashPro,Makeup,Blush,16.28,10,3.7,457,Dry,449,39,634.92,Europe,Online,Yes,2024-11-26
BP0345,Rougeon Cleanser,Rougeon,Skincare,Cleanser,19.27,0,4.3,491,Dry,371,60,1156.2,Latin America,Online,Yes,2024-01-01
BP0346,Rougeon Cologne,Rougeon,Fragrance,Cologne,59.32,0,4.7,830,Combination,24,160,9491.2,Asia Pacific,Online,Yes,2024-02-11
BP0347,Rougeon Eye Cream,Rougeon,Skincare,Eye Cream,33.12,0,3.6,443,Oily,69,111,3676.32,Asia Pacific,Online,Yes,2024-01-10
BP0348,NuraBeauty Toner,NuraBeauty,Skincare,Toner,12.43,5,4.9,995,All,136,40,497.2,North America,Online,Yes,2024-03-09
BP0349,LashPro Shampoo,LashPro,Haircare,Shampoo,22.09,0,4.2,25,Dry,477,33,728.97,Asia Pacific,Marketplace,No,2024-10-24
BP0350,VelvetSkin Shampoo,VelvetSkin,Haircare,Shampoo,18.1,20,4.1,570,Sensitive,278,114,2063.4,Latin America,Marketplace,Yes,2024-07-24
BP0351,Rougeon Eye Cream,Rougeon,Skincare,Eye Cream,24.06,5,4.2,100,Dry,12,64,1539.84,Middle East,Online,Yes,2024-04-08
BP0352,BloomBeauty Conditioner,BloomBeauty,Haircare,Conditioner,8.28,10,4.0,110,Dry,323,189,1564.92,Middle East,Marketplace,Yes,2024-07-01
BP0353,SunKissed Concealer,SunKissed,Makeup,Concealer,21.08,20,4.3,155,Combination,71,8,168.64,Middle East,Online,Yes,2024-09-29
BP0354,LashPro Body Mist,LashPro,Fragrance,Body Mist,63.56,0,4.0,1450,All,125,41,2605.96,North America,In-Store,Yes,2024-11-26
BP0355,BloomBeauty Face Mask,BloomBeauty,Skincare,Face Mask,27.86,5,4.2,44,Combination,327,243,6769.98,Asia Pacific,In-Store,Yes,2024-07-09
BP0356,BloomBeauty Foundation,BloomBeauty,Makeup,Foundation,25.56,0,4.1,1602,Sensitive,86,19,485.64,Asia Pacific,In-Store,Yes,2025-04-28
BP0357,SunKissed Eyeshadow Palette,SunKissed,Makeup,Eyeshadow Palette,15.85,0,4.4,912,All,316,52,824.2,North America,Online,Yes,2024-02-19
BP0358,Rougeon Face Mask,Rougeon,Skincare,Face Mask,14.42,0,4.6,143,All,360,15,216.3,Latin America,Online,No,2024-08-09
BP0359,NuraBeauty Eye Cream,NuraBeauty,Skincare,Eye Cream,24.38,20,4.2,310,All,408,15,365.7,Asia Pacific,Online,Yes,2024-07-27
BP0360,PureEarth Highlighter Palette,PureEarth,Makeup,Highlighter Palette,28.69,25,4.2,1127,Oily,121,131,3758.39,Asia Pacific,Online,Yes,2025-03-17
BP0361,SilkStrand Hair Serum,SilkStrand,Haircare,Hair Serum,15.02,0,4.6,0,Combination,104,99,1486.98,North America,Online,Yes,2024-09-21
BP0362,SilkStrand Moisturizer,SilkStrand,Skincare,Moisturizer,36.13,10,4.7,1044,Dry,382,63,2276.19,Middle East,Online,Yes,2024-03-22
BP0363,NuraBeauty Shampoo,NuraBeauty,Haircare,Shampoo,19.78,10,4.4,57,Oily,86,164,3243.92,North America,Online,Yes,2024-01-18
BP0364,AuraCare Hair Oil,AuraCare,Haircare,Hair Oil,19.96,15,4.5,556,Oily,353,72,1437.12,Asia Pacific,In-Store,No,2024-05-25
BP0365,LashPro Facial Serum,LashPro,Skincare,Facial Serum,30.83,15,4.1,212,Combination,430,58,1788.14,Asia Pacific,Online,Yes,2024-07-16
BP0366,BloomBeauty Facial Serum,BloomBeauty,Skincare,Facial Serum,20.34,30,4.0,35,Combination,469,95,1932.3,Middle East,Online,Yes,2024-10-12
BP0367,NuraBeauty Cologne,NuraBeauty,Fragrance,Cologne,78.59,5,4.4,207,Oily,246,601,47232.59,North America,In-Store,Yes,2025-03-15
BP0368,Rougeon Toner,Rougeon,Skincare,Toner,29.77,0,4.8,40,Combination,384,31,922.87,Latin America,Online,Yes,2024-03-01
BP0369,AuraCare Toner,AuraCare,Skincare,Toner,24.65,0,4.3,812,Sensitive,180,37,912.05,Europe,Online,No,2025-03-27
BP0370,AuraCare Mascara,AuraCare,Makeup,Mascara,18.35,0,3.8,885,Dry,339,128,2348.8,Latin America,Online,Yes,2024-07-29
BP0371,SilkStrand Moisturizer,SilkStrand,Skincare,Moisturizer,36.84,15,4.7,958,Combination,184,143,5268.12,Europe,In-Store,Yes,2024-11-29
BP0372,Rougeon Eyeshadow Palette,Rougeon,Makeup,Eyeshadow Palette,30.87,10,3.3,684,Oily,31,140,4321.8,Asia Pacific,Online,Yes,2024-01-01
BP0373,SilkStrand Body Scrub,SilkStrand,Bath & Body,Body Scrub,17.82,0,4.7,401,Sensitive,208,64,1140.48,Asia Pacific,Online,Yes,2024-02-25
BP0374,GlowLab Hair Mask,GlowLab,Haircare,Hair Mask,17.18,0,3.7,319,Sensitive,113,256,4398.08,North America,In-Store,No,2025-05-26
BP0375,PureEarth Sunscreen Lotion,PureEarth,Skincare,Sunscreen Lotion,20.9,0,4.2,79,Dry,144,29,606.1,North America,Online,No,2024-11-13
BP0376,VelvetSkin Moisturizer,VelvetSkin,Skincare,Moisturizer,18.51,5,4.6,293,All,151,8,148.08,North America,Online,Yes,2025-05-10
BP0377,GlowLab Cleanser,GlowLab,Skincare,Cleanser,54.24,25,4.3,432,Sensitive,264,39,2115.36,Asia Pacific,Online,No,2024-09-03
BP0378,GlowLab Mascara,GlowLab,Makeup,Mascara,15.97,0,3.1,216,Oily,274,99,1581.03,North America,Online,No,2024-02-18
BP0379,BloomBeauty Hair Oil,BloomBeauty,Haircare,Hair Oil,26.78,0,4.6,817,All,309,57,1526.46,North America,Online,No,2024-04-27
BP0380,BloomBeauty Hair Mask,BloomBeauty,Haircare,Hair Mask,10.85,0,4.5,691,Combination,153,26,282.1,North America,In-Store,Yes,2024-10-27
BP0381,Rougeon Mascara,Rougeon,Makeup,Mascara,13.81,0,3.3,1141,Sensitive,416,146,2016.26,Europe,In-Store,Yes,2025-04-01
BP0382,Rougeon Highlighter Palette,Rougeon,Makeup,Highlighter Palette,23.32,5,4.0,458,Sensitive,295,173,4034.36,Middle East,Online,Yes,2024-12-04
BP0383,BloomBeauty Toner,BloomBeauty,Skincare,Toner,12.66,0,4.7,106,Combination,261,26,329.16,Latin America,Online,No,2025-03-18
BP0384,SilkStrand Eau de Parfum,SilkStrand,Fragrance,Eau de Parfum,48.51,10,4.4,75,Dry,153,0,0.0,Latin America,In-Store,No,2025-02-25
BP0385,SilkStrand Concealer,SilkStrand,Makeup,Concealer,22.33,10,4.4,374,Oily,168,204,4555.32,North America,Online,Yes,2025-05-30
BP0386,LashPro Hair Serum,LashPro,Haircare,Hair Serum,11.71,0,4.4,64,Oily,353,23,269.33,Latin America,In-Store,Yes,2025-03-22
BP0387,PureEarth Mascara,PureEarth,Makeup,Mascara,25.72,15,4.5,148,Sensitive,476,55,1414.6,Latin America,In-Store,No,2025-03-13
BP0388,SilkStrand Cleanser,SilkStrand,Skincare,Cleanser,25.59,0,4.6,169,Oily,421,214,5476.26,Latin America,Online,Yes,2025-01-09
BP0389,VelvetSkin Concealer,VelvetSkin,Makeup,Concealer,28.27,0,3.8,205,All,56,29,819.83,North America,Online,No,2024-12-17
BP0390,LashPro Facial Serum,LashPro,Skincare,Facial Serum,29.61,15,4.3,313,Oily,56,3,88.83,Latin America,In-Store,Yes,2025-03-30
BP0391,PureEarth Facial Serum,PureEarth,Skincare,Facial Serum,27.4,15,4.1,430,Oily,109,48,1315.2,Latin America,Marketplace,Yes,2024-11-04
BP0392,AuraCare Body Scrub,AuraCare,Bath & Body,Body Scrub,16.47,0,4.7,603,Sensitive,41,117,1926.99,Latin America,Online,Yes,2024-10-05
BP0393,PureEarth Moisturizer,PureEarth,Skincare,Moisturizer,15.89,0,4.4,33,Combination,284,28,444.92,Asia Pacific,Online,Yes,2024-09-11
BP0394,PureEarth Body Lotion,PureEarth,Bath & Body,Body Lotion,11.13,20,4.4,574,Oily,473,101,1124.13,Middle East,In-Store,Yes,2025-01-31
BP0395,Rougeon Eyeshadow Palette,Rougeon,Makeup,Eyeshadow Palette,19.42,25,4.8,553,Sensitive,415,40,776.8,Middle East,In-Store,No,2024-01-11
BP0396,GlowLab Body Lotion,GlowLab,Bath & Body,Body Lotion,13.48,15,4.2,732,Sensitive,103,98,1321.04,Latin America,Online,Yes,2024-10-26
BP0397,PureEarth Eau de Parfum,PureEarth,Fragrance,Eau de Parfum,51.03,0,4.6,884,All,481,323,16482.69,Latin America,Online,No,2024-12-30
BP0398,PureEarth Hand Cream,PureEarth,Bath & Body,Hand Cream,21.48,0,3.9,724,Combination,73,1,21.48,Latin America,Online,Yes,2024-06-30
BP0399,VelvetSkin Body Scrub,VelvetSkin,Bath & Body,Body Scrub,9.72,0,3.6,136,All,450,121,1176.12,Latin America,Online,Yes,2025-05-24
BP0400,NuraBeauty Hair Mask,NuraBeauty,Haircare,Hair Mask,15.6,20,4.1,172,Sensitive,115,41,639.6,Europe,Online,No,2025-01-02
BP0401,SilkStrand Concealer,SilkStrand,Makeup,Concealer,24.45,0,3.7,148,Dry,471,14,342.3,Asia Pacific,Online,Yes,2025-01-14
BP0402,LashPro Conditioner,LashPro,Haircare,Conditioner,17.05,0,4.4,322,Combination,213,138,2352.9,Europe,Marketplace,Yes,2025-05-17
BP0403,AuraCare Toner,AuraCare,Skincare,Toner,30.19,5,4.8,28,Sensitive,15,83,2505.77,North America,Online,No,2024-11-28
BP0404,LashPro Toner,LashPro,Skincare,Toner,26.08,0,4.0,858,Oily,479,77,2008.16,Latin America,Online,Yes,2025-01-28
BP0405,VelvetSkin Hair Oil,VelvetSkin,Haircare,Hair Oil,26.06,15,4.6,41,Dry,68,0,0.0,Middle East,In-Store,Yes,2024-06-19
BP0406,VelvetSkin Cleanser,VelvetSkin,Skincare,Cleanser,26.43,25,4.7,383,Oily,107,56,1480.08,North America,Marketplace,Yes,2024-08-06
BP0407,LashPro Shower Gel,LashPro,Bath & Body,Shower Gel,5.86,5,4.2,1595,All,17,46,269.56,North America,Online,No,2025-01-18
BP0408,NuraBeauty Cologne,NuraBeauty,Fragrance,Cologne,87.53,25,4.1,221,All,54,0,0.0,Middle East,Online,No,2024-07-02
BP0409,GlowLab Sunscreen Lotion,GlowLab,Skincare,Sunscreen Lotion,28.45,30,4.5,7,Oily,62,137,3897.65,Asia Pacific,In-Store,No,2025-02-26
BP0410,LashPro Eye Cream,LashPro,Skincare,Eye Cream,22.93,0,4.2,175,Oily,56,130,2980.9,Europe,Online,No,2024-12-09
BP0411,VelvetSkin Eau de Parfum,VelvetSkin,Fragrance,Eau de Parfum,58.41,0,3.5,796,All,75,140,8177.4,Latin America,Online,Yes,2025-06-05
BP0412,BloomBeauty Highlighter Palette,BloomBeauty,Makeup,Highlighter Palette,23.45,0,4.3,423,Oily,166,244,5721.8,Europe,Marketplace,No,2025-04-23
BP0413,NuraBeauty Cleanser,NuraBeauty,Skincare,Cleanser,24.27,0,4.5,1701,Combination,81,31,752.37,Middle East,In-Store,No,2024-06-15
BP0414,BloomBeauty Face Mask,BloomBeauty,Skincare,Face Mask,22.37,0,4.2,130,Sensitive,462,56,1252.72,North America,In-Store,Yes,2024-12-16
BP0415,SilkStrand Cleanser,SilkStrand,Skincare,Cleanser,15.05,0,3.5,429,Oily,16,31,466.55,North America,In-Store,Yes,2024-09-08
BP0416,BloomBeauty Moisturizer,BloomBeauty,Skincare,Moisturizer,43.74,0,3.9,843,All,497,40,1749.6,Asia Pacific,Online,Yes,2024-03-14
BP0417,SilkStrand Liquid Lipstick,SilkStrand,Makeup,Liquid Lipstick,23.78,30,4.2,46,Dry,51,26,618.28,Latin America,In-Store,Yes,2024-10-03
BP0418,LashPro Shower Gel,LashPro,Bath & Body,Shower Gel,9.03,0,3.9,352,All,323,163,1471.89,Latin America,Online,Yes,2025-02-23
BP0419,LashPro Hair Serum,LashPro,Haircare,Hair Serum,14.11,0,4.1,1005,Combination,438,236,3329.96,Middle East,Online,No,2024-03-24
BP0420,VelvetSkin Sunscreen Lotion,VelvetSkin,Skincare,Sunscreen Lotion,5.76,5,3.9,282,All,34,76,437.76,Latin America,Online,Yes,2024-04-26
BP0421,SilkStrand Blush,SilkStrand,Makeup,Blush,22.84,0,4.2,66,Sensitive,440,4,91.36,North America,In-Store,Yes,2025-01-29
BP0422,Rougeon Concealer,Rougeon,Makeup,Concealer,21.79,15,4.6,288,Dry,348,80,1743.2,North America,In-Store,Yes,2024-08-26
BP0423,SunKissed Sunscreen Lotion,SunKissed,Skincare,Sunscreen Lotion,31.88,0,3.6,71,Sensitive,81,26,828.88,Asia Pacific,Online,Yes,2025-05-28
BP0424,PureEarth Eye Cream,PureEarth,Skincare,Eye Cream,31.73,25,4.1,515,Oily,492,2,63.46,Europe,Marketplace,Yes,2024-07-05
BP0425,AuraCare Blush,AuraCare,Makeup,Blush,39.36,0,4.4,1346,All,178,64,2519.04,Asia Pacific,In-Store,No,2024-01-29
BP0426,GlowLab Conditioner,GlowLab,Haircare,Conditioner,21.07,0,4.7,521,Combination,290,123,2591.61,North America,Marketplace,Yes,2025-04-30
BP0427,AuraCare Cleanser,AuraCare,Skincare,Cleanser,26.98,30,4.0,316,All,414,120,3237.6,Middle East,Online,Yes,2024-03-25
BP0428,PureEarth Mascara,PureEarth,Makeup,Mascara,29.59,10,3.9,542,Sensitive,25,42,1242.78,Asia Pacific,Online,Yes,2025-02-24
BP0429,SilkStrand Hand Cream,SilkStrand,Bath & Body,Hand Cream,20.78,0,4.3,667,Oily,185,99,2057.22,North America,Marketplace,Yes,2024-07-17
BP0430,PureEarth Shower Gel,PureEarth,Bath & Body,Shower Gel,13.88,0,4.8,209,Dry,270,136,1887.68,Europe,In-Store,Yes,2024-03-24
BP0431,VelvetSkin Body Lotion,VelvetSkin,Bath & Body,Body Lotion,15.38,0,3.9,57,All,224,92,1414.96,North America,In-Store,No,2024-08-03
BP0432,VelvetSkin Toner,VelvetSkin,Skincare,Toner,36.26,0,4.8,115,Sensitive,360,12,435.12,Europe,In-Store,Yes,2024-05-08
BP0433,SunKissed Sunscreen Lotion,SunKissed,Skincare,Sunscreen Lotion,11.96,0,4.7,750,Oily,81,214,2559.44,Middle East,In-Store,No,2025-02-07
BP0434,GlowLab Liquid Lipstick,GlowLab,Makeup,Liquid Lipstick,24.42,0,4.0,744,Sensitive,300,293,7155.06,North America,Online,No,2025-04-02
BP0435,GlowLab Hand Cream,GlowLab,Bath & Body,Hand Cream,17.37,0,4.2,426,Oily,266,212,3682.44,Europe,Online,No,2024-10-25
BP0436,SilkStrand Moisturizer,SilkStrand,Skincare,Moisturizer,26.44,0,4.8,149,Dry,25,23,608.12,Europe,Marketplace,Yes,2025-03-30
BP0437,GlowLab Hair Mask,GlowLab,Haircare,Hair Mask,13.12,0,4.3,852,Sensitive,438,11,144.32,Europe,Online,Yes,2024-11-20
BP0438,PureEarth Highlighter Palette,PureEarth,Makeup,Highlighter Palette,29.43,0,3.8,385,All,99,134,3943.62,Latin America,Online,Yes,2024-12-01
BP0439,PureEarth Liquid Lipstick,PureEarth,Makeup,Liquid Lipstick,33.61,15,4.2,128,Oily,494,258,8671.38,Europe,Online,No,2024-07-29
BP0440,SilkStrand Eyeshadow Palette,SilkStrand,Makeup,Eyeshadow Palette,13.8,0,4.4,298,Combination,336,365,5037.0,Europe,In-Store,No,2024-04-09
BP0441,NuraBeauty Moisturizer,NuraBeauty,Skincare,Moisturizer,36.55,10,3.9,14,All,259,114,4166.7,North America,Online,Yes,2024-08-18
BP0442,AuraCare Concealer,AuraCare,Makeup,Concealer,18.29,0,4.5,856,Dry,312,26,475.54,Middle East,Online,Yes,2024-04-01
BP0443,BloomBeauty Hair Oil,BloomBeauty,Haircare,Hair Oil,18.46,5,4.2,368,Oily,203,180,3322.8,Europe,Online,No,2025-01-20
BP0444,SilkStrand Eyeshadow Palette,SilkStrand,Makeup,Eyeshadow Palette,17.63,5,4.2,29,Sensitive,46,315,5553.45,Europe,Online,Yes,2024-02-27
BP0445,NuraBeauty Shower Gel,NuraBeauty,Bath & Body,Shower Gel,15.0,5,5.0,68,Combination,396,2,30.0,North America,In-Store,No,2024-07-16
BP0446,LashPro Eau de Parfum,LashPro,Fragrance,Eau de Parfum,86.48,0,4.8,270,All,99,3,259.44,Middle East,Marketplace,No,2025-05-05
BP0447,NuraBeauty Liquid Lipstick,NuraBeauty,Makeup,Liquid Lipstick,24.3,0,4.0,545,Combination,206,0,0.0,Asia Pacific,Online,Yes,2024-01-26
BP0448,SilkStrand Sunscreen Lotion,SilkStrand,Skincare,Sunscreen Lotion,21.83,5,4.5,1051,Dry,366,481,10500.23,Europe,Online,Yes,2024-03-12
BP0449,PureEarth Body Mist,PureEarth,Fragrance,Body Mist,66.55,0,4.1,553,Dry,234,138,9183.9,Latin America,In-Store,No,2024-05-23
BP0450,BloomBeauty Liquid Lipstick,BloomBeauty,Makeup,Liquid Lipstick,24.94,25,4.1,1174,Oily,215,105,2618.7,North America,Online,Yes,2025-03-21
BP0451,AuraCare Cleanser,AuraCare,Skincare,Cleanser,49.71,0,4.5,391,Oily,88,112,5567.52,North America,Online,Yes,2024-09-07
BP0452,SunKissed Body Mist,SunKissed,Fragrance,Body Mist,48.77,0,4.3,966,Dry,402,9,438.93,North America,Online,No,2024-05-12
BP0453,Rougeon Liquid Lipstick,Rougeon,Makeup,Liquid Lipstick,20.15,0,3.9,12,Combination,405,156,3143.4,Europe,Online,Yes,2025-05-10
BP0454,AuraCare Face Mask,AuraCare,Skincare,Face Mask,31.04,5,4.1,177,Oily,165,231,7170.24,Europe,Marketplace,No,2025-05-20
BP0455,BloomBeauty Face Mask,BloomBeauty,Skincare,Face Mask,18.27,10,3.7,734,Dry,320,59,1077.93,Europe,Online,Yes,2024-12-21
BP0456,LashPro Shampoo,LashPro,Haircare,Shampoo,21.81,0,4.1,122,All,392,337,7349.97,Latin America,Online,Yes,2025-02-26
BP0457,SilkStrand Shower Gel,SilkStrand,Bath & Body,Shower Gel,19.56,0,3.9,7,Oily,358,107,2092.92,Europe,Online,Yes,2024-12-06
BP0458,NuraBeauty Moisturizer,NuraBeauty,Skincare,Moisturizer,43.61,15,4.3,332,Dry,322,121,5276.81,Asia Pacific,Marketplace,Yes,2025-01-05
BP0459,NuraBeauty Blush,NuraBeauty,Makeup,Blush,23.63,0,4.5,1930,All,471,157,3709.91,North America,Online,Yes,2024-07-30
BP0460,AuraCare Eyeshadow Palette,AuraCare,Makeup,Eyeshadow Palette,18.35,10,4.1,1038,Dry,487,150,2752.5,Europe,In-Store,No,2025-05-21
BP0461,BloomBeauty Sunscreen Lotion,BloomBeauty,Skincare,Sunscreen Lotion,38.85,0,4.0,810,Oily,262,61,2369.85,Latin America,Online,Yes,2025-06-11
BP0462,GlowLab Eyeshadow Palette,GlowLab,Makeup,Eyeshadow Palette,4.99,15,4.1,222,All,275,104,518.96,Latin America,Online,Yes,2025-04-10
BP0463,NuraBeauty Body Mist,NuraBeauty,Fragrance,Body Mist,53.05,0,3.5,425,Combination,325,184,9761.2,Latin America,Online,No,2024-07-20
BP0464,GlowLab Hair Oil,GlowLab,Haircare,Hair Oil,17.67,0,4.2,392,Sensitive,290,69,1219.23,Europe,Online,Yes,2024-10-14
BP0465,NuraBeauty Shampoo,NuraBeauty,Haircare,Shampoo,26.99,0,4.1,206,Dry,100,24,647.76,Europe,In-Store,No,2024-08-24
BP0466,AuraCare Body Mist,AuraCare,Fragrance,Body Mist,29.84,10,4.2,165,Dry,397,78,2327.52,Europe,Online,Yes,2024-04-18
BP0467,Rougeon Toner,Rougeon,Skincare,Toner,4.99,15,4.1,19,Oily,85,5,24.95,Latin America,Online,No,2024-08-22
BP0468,SilkStrand Hair Mask,SilkStrand,Haircare,Hair Mask,19.37,5,3.9,549,All,462,252,4881.24,Asia Pacific,Online,Yes,2024-05-09
BP0469,AuraCare Conditioner,AuraCare,Haircare,Conditioner,5.06,10,5.0,1984,All,138,182,920.92,Europe,Online,Yes,2025-04-27
BP0470,VelvetSkin Eye Cream,VelvetSkin,Skincare,Eye Cream,36.53,0,4.7,73,All,187,304,11105.12,Europe,In-Store,Yes,2024-03-09
BP0471,SunKissed Foundation,SunKissed,Makeup,Foundation,21.03,0,4.1,28,Combination,94,83,1745.49,Asia Pacific,Marketplace,Yes,2024-01-12
BP0472,SilkStrand Liquid Lipstick,SilkStrand,Makeup,Liquid Lipstick,18.25,30,3.9,137,Combination,343,15,273.75,Europe,Online,Yes,2024-10-06
BP0473,BloomBeauty Cleanser,BloomBeauty,Skincare,Cleanser,28.52,10,4.7,152,Sensitive,92,310,8841.2,Asia Pacific,Online,No,2025-04-10
BP0474,VelvetSkin Eau de Parfum,VelvetSkin,Fragrance,Eau de Parfum,49.24,0,4.1,367,Oily,440,177,8715.48,Middle East,In-Store,Yes,2025-04-20
BP0475,Rougeon Body Scrub,Rougeon,Bath & Body,Body Scrub,15.26,0,3.4,339,All,322,81,1236.06,Europe,Marketplace,Yes,2024-08-27
BP0476,SilkStrand Blush,SilkStrand,Makeup,Blush,20.69,0,3.9,674,Combination,209,20,413.8,Latin America,In-Store,No,2025-02-06
BP0477,LashPro Moisturizer,LashPro,Skincare,Moisturizer,49.02,0,4.7,544,Dry,239,10,490.2,Asia Pacific,Online,No,2025-04-10
BP0478,VelvetSkin Shower Gel,VelvetSkin,Bath & Body,Shower Gel,21.29,15,4.8,301,Oily,225,389,8281.81,Latin America,In-Store,Yes,2024-01-06
BP0479,GlowLab Foundation,GlowLab,Makeup,Foundation,13.58,0,4.6,420,All,272,66,896.28,North America,Online,Yes,2024-05-16
BP0480,BloomBeauty Body Lotion,BloomBeauty,Bath & Body,Body Lotion,11.56,0,4.2,644,Combination,175,68,786.08,Asia Pacific,In-Store,Yes,2024-10-28
BP0481,GlowLab Mascara,GlowLab,Makeup,Mascara,19.71,0,4.7,651,All,8,48,946.08,North America,In-Store,Yes,2025-02-08
BP0482,NuraBeauty Conditioner,NuraBeauty,Haircare,Conditioner,13.95,0,4.2,277,Oily,456,359,5008.05,Asia Pacific,In-Store,No,2024-06-25
BP0483,AuraCare Sunscreen Lotion,AuraCare,Skincare,Sunscreen Lotion,42.36,0,4.1,1152,Sensitive,290,120,5083.2,Asia Pacific,In-Store,No,2024-03-20
BP0484,SilkStrand Shampoo,SilkStrand,Haircare,Shampoo,14.5,0,4.3,421,Oily,61,413,5988.5,North America,Online,No,2024-11-28
BP0485,Rougeon Liquid Lipstick,Rougeon,Makeup,Liquid Lipstick,4.99,0,3.6,436,Combination,142,21,104.79,North America,In-Store,Yes,2024-05-19
BP0486,NuraBeauty Concealer,NuraBeauty,Makeup,Concealer,21.63,0,4.7,377,Dry,370,31,670.53,Asia Pacific,Marketplace,Yes,2024-04-28
BP0487,GlowLab Foundation,GlowLab,Makeup,Foundation,19.9,0,3.6,199,Sensitive,361,67,1333.3,Asia Pacific,In-Store,No,2024-04-23
BP0488,BloomBeauty Body Mist,BloomBeauty,Fragrance,Body Mist,68.66,10,4.3,24,Sensitive,443,226,15517.16,North America,Online,No,2025-01-30
BP0489,LashPro Shampoo,LashPro,Haircare,Shampoo,10.57,0,4.2,1474,Dry,95,80,845.6,Middle East,In-Store,No,2025-01-28
BP0490,LashPro Conditioner,LashPro,Haircare,Conditioner,11.74,0,4.4,67,Combination,275,2,23.48,Latin America,Online,Yes,2024-11-26
BP0491,Rougeon Toner,Rougeon,Skincare,Toner,27.99,20,4.1,458,Dry,188,59,1651.41,Middle East,Online,No,2024-02-13
BP0492,LashPro Shower Gel,LashPro,Bath & Body,Shower Gel,19.15,5,4.5,220,Combination,176,172,3293.8,Europe,Online,Yes,2025-01-13
BP0493,VelvetSkin Hair Serum,VelvetSkin,Haircare,Hair Serum,28.27,0,4.4,650,Combination,81,50,1413.5,Asia Pacific,Marketplace,Yes,2024-07-18
BP0494,GlowLab Eau de Parfum,GlowLab,Fragrance,Eau de Parfum,24.54,0,4.6,264,Dry,48,403,9889.62,Latin America,Marketplace,Yes,2024-11-06
BP0495,SilkStrand Hair Serum,SilkStrand,Haircare,Hair Serum,16.28,15,4.3,44,Sensitive,227,96,1562.88,Latin America,Marketplace,Yes,2024-08-16
BP0496,Rougeon Cologne,Rougeon,Fragrance,Cologne,58.56,15,3.7,668,Sensitive,330,70,4099.2,Latin America,Online,Yes,2025-02-08
BP0497,PureEarth Eyeshadow Palette,PureEarth,Makeup,Eyeshadow Palette,26.36,5,4.3,1303,All,25,6,158.16,Asia Pacific,In-Store,No,2024-12-24
BP0498,PureEarth Body Lotion,PureEarth,Bath & Body,Body Lotion,16.28,0,3.5,1937,Dry,126,132,2148.96,Europe,In-Store,Yes,2024-05-18
BP0499,SunKissed Highlighter Palette,SunKissed,Makeup,Highlighter Palette,25.56,5,4.7,228,All,419,370,9457.2,Latin America,In-Store,Yes,2025-05-23
BP0500,BloomBeauty Toner,BloomBeauty,Skincare,Toner,33.39,0,5.0,244,Dry,153,95,3172.05,Middle East,Online,No,2024-02-25
BP0501,VelvetSkin Hair Mask,VelvetSkin,Haircare,Hair Mask,24.25,0,4.4,1422,Sensitive,201,130,3152.5,North America,Online,Yes,2024-10-15
BP0502,VelvetSkin Concealer,VelvetSkin,Makeup,Concealer,26.37,0,4.9,329,Combination,47,285,7515.45,Middle East,Online,No,2025-04-21
BP0503,LashPro Blush,LashPro,Makeup,Blush,20.72,5,3.7,321,Oily,362,202,4185.44,Middle East,Marketplace,Yes,2024-01-23
BP0504,BloomBeauty Facial Serum,BloomBeauty,Skincare,Facial Serum,48.25,30,4.5,446,Oily,455,150,7237.5,Latin America,In-Store,No,2024-04-15
BP0505,AuraCare Cleanser,AuraCare,Skincare,Cleanser,23.99,0,4.9,851,Dry,140,86,2063.14,Europe,Online,Yes,2024-05-07
BP0506,BloomBeauty Mascara,BloomBeauty,Makeup,Mascara,23.59,0,3.7,597,Combination,270,34,802.06,Middle East,Marketplace,No,2024-02-26
BP0507,VelvetSkin Eau de Parfum,VelvetSkin,Fragrance,Eau de Parfum,91.31,10,3.7,368,Oily,132,33,3013.23,Europe,Online,Yes,2025-04-11
BP0508,BloomBeauty Cologne,BloomBeauty,Fragrance,Cologne,79.95,0,4.1,163,Sensitive,452,0,0.0,Middle East,Online,Yes,2025-04-05
BP0509,BloomBeauty Body Mist,BloomBeauty,Fragrance,Body Mist,31.91,0,4.6,999,Combination,28,138,4403.58,Europe,Online,Yes,2024-02-11
BP0510,AuraCare Face Mask,AuraCare,Skincare,Face Mask,34.64,5,3.9,812,Oily,415,149,5161.36,North America,Online,Yes,2024-04-15
BP0511,NuraBeauty Hair Mask,NuraBeauty,Haircare,Hair Mask,24.87,0,4.2,800,Sensitive,52,31,770.97,Middle East,Marketplace,Yes,2025-03-27
BP0512,SilkStrand Moisturizer,SilkStrand,Skincare,Moisturizer,19.95,5,4.2,287,All,271,175,3491.25,Latin America,Marketplace,Yes,2024-06-13
BP0513,GlowLab Hair Oil,GlowLab,Haircare,Hair Oil,17.48,0,4.8,2,Combination,201,48,839.04,Middle East,In-Store,No,2025-02-05
BP0514,SunKissed Moisturizer,SunKissed,Skincare,Moisturizer,33.64,0,4.8,960,Oily,320,253,8510.92,North America,Online,No,2025-03-16
BP0515,SilkStrand Blush,SilkStrand,Makeup,Blush,17.06,0,4.1,1233,Dry,59,6,102.36,North America,Online,No,2024-10-13
BP0516,LashPro Highlighter Palette,LashPro,Makeup,Highlighter Palette,9.77,0,4.6,169,All,27,196,1914.92,Middle East,Online,Yes,2024-04-13
BP0517,AuraCare Moisturizer,AuraCare,Skincare,Moisturizer,25.84,5,3.9,401,Sensitive,187,154,3979.36,Europe,In-Store,No,2025-01-14
BP0518,BloomBeauty Mascara,BloomBeauty,Makeup,Mascara,12.26,15,4.6,146,All,106,18,220.68,Europe,Online,Yes,2024-04-08
BP0519,AuraCare Eau de Parfum,AuraCare,Fragrance,Eau de Parfum,59.85,25,4.8,99,Dry,458,184,11012.4,North America,Online,Yes,2024-05-11
BP0520,SilkStrand Concealer,SilkStrand,Makeup,Concealer,25.27,0,4.6,133,Oily,31,26,657.02,Middle East,Marketplace,No,2025-03-07
BP0521,PureEarth Moisturizer,PureEarth,Skincare,Moisturizer,24.08,0,3.9,482,All,298,410,9872.8,Latin America,In-Store,Yes,2024-06-26
BP0522,AuraCare Shower Gel,AuraCare,Bath & Body,Shower Gel,15.41,0,3.5,256,Sensitive,89,66,1017.06,North America,In-Store,Yes,2024-06-27
BP0523,NuraBeauty Concealer,NuraBeauty,Makeup,Concealer,21.68,0,4.6,37,Dry,18,200,4336.0,Europe,Online,No,2024-01-23
BP0524,SunKissed Facial Serum,SunKissed,Skincare,Facial Serum,43.86,15,4.1,204,Oily,455,35,1535.1,Europe,Online,Yes,2025-01-12
BP0525,LashPro Eye Cream,LashPro,Skincare,Eye Cream,34.7,0,4.3,1342,Sensitive,44,217,7529.9,Asia Pacific,Online,Yes,2024-09-09
BP0526,Rougeon Body Mist,Rougeon,Fragrance,Body Mist,35.7,5,4.3,61,Oily,127,86,3070.2,North America,Online,No,2024-01-19
BP0527,BloomBeauty Hair Mask,BloomBeauty,Haircare,Hair Mask,22.33,0,4.1,953,All,459,454,10137.82,Asia Pacific,Marketplace,Yes,2024-02-22
BP0528,VelvetSkin Foundation,VelvetSkin,Makeup,Foundation,18.77,10,4.4,950,Sensitive,323,93,1745.61,Latin America,Online,Yes,2024-03-16
BP0529,SilkStrand Body Mist,SilkStrand,Fragrance,Body Mist,35.05,15,4.2,1474,All,76,42,1472.1,Latin America,Online,Yes,2025-01-16
BP0530,LashPro Eau de Parfum,LashPro,Fragrance,Eau de Parfum,51.26,0,4.1,1069,All,445,251,12866.26,Europe,Online,Yes,2024-02-12
BP0531,PureEarth Body Mist,PureEarth,Fragrance,Body Mist,38.06,25,3.7,355,Dry,285,364,13853.84,Europe,Online,No,2025-05-24
BP0532,SilkStrand Cologne,SilkStrand,Fragrance,Cologne,90.95,0,4.7,948,Sensitive,74,12,1091.4,North America,Online,Yes,2024-03-28
BP0533,NuraBeauty Liquid Lipstick,NuraBeauty,Makeup,Liquid Lipstick,16.61,25,4.6,280,Dry,7,18,298.98,Latin America,Marketplace,Yes,2024-05-10
BP0534,Rougeon Liquid Lipstick,Rougeon,Makeup,Liquid Lipstick,18.24,0,4.6,485,Combination,56,22,401.28,North America,Online,Yes,2024-03-23
BP0535,SilkStrand Eyeshadow Palette,SilkStrand,Makeup,Eyeshadow Palette,14.78,25,4.0,144,Oily,40,37,546.86,Europe,In-Store,Yes,2025-04-13
BP0536,GlowLab Toner,GlowLab,Skincare,Toner,40.89,0,4.4,1604,Dry,140,107,4375.23,Latin America,Online,No,2024-10-26
BP0537,AuraCare Facial Serum,AuraCare,Skincare,Facial Serum,35.43,0,3.8,302,Combination,139,295,10451.85,Middle East,Online,No,2025-06-20
BP0538,Rougeon Concealer,Rougeon,Makeup,Concealer,18.79,0,4.6,653,Dry,13,25,469.75,North America,Online,Yes,2025-01-23
BP0539,Rougeon Cleanser,Rougeon,Skincare,Cleanser,26.88,0,4.7,405,Oily,185,71,1908.48,Europe,Online,No,2025-04-08
BP0540,VelvetSkin Foundation,VelvetSkin,Makeup,Foundation,11.48,0,4.3,101,Dry,327,66,757.68,Middle East,Marketplace,Yes,2025-01-07
BP0541,GlowLab Liquid Lipstick,GlowLab,Makeup,Liquid Lipstick,18.78,0,4.3,149,Sensitive,206,72,1352.16,Europe,In-Store,Yes,2024-01-11
BP0542,NuraBeauty Toner,NuraBeauty,Skincare,Toner,30.2,30,4.5,67,Sensitive,137,104,3140.8,Latin America,Online,Yes,2024-10-20
BP0543,SilkStrand Cleanser,SilkStrand,Skincare,Cleanser,13.85,0,4.6,34,Oily,104,32,443.2,Latin America,Online,Yes,2024-06-06
BP0544,LashPro Hair Oil,LashPro,Haircare,Hair Oil,13.77,0,4.7,197,Oily,380,100,1377.0,Latin America,Online,Yes,2025-03-10
BP0545,NuraBeauty Facial Serum,NuraBeauty,Skincare,Facial Serum,31.83,10,4.2,166,Oily,71,130,4137.9,Europe,Marketplace,Yes,2024-12-30
BP0546,SunKissed Face Mask,SunKissed,Skincare,Face Mask,31.44,0,4.1,153,Dry,162,114,3584.16,Latin America,Online,No,2025-03-11
BP0547,SunKissed Moisturizer,SunKissed,Skincare,Moisturizer,4.99,5,4.8,188,All,467,156,778.44,Europe,Marketplace,Yes,2024-03-13
BP0548,AuraCare Cleanser,AuraCare,Skincare,Cleanser,26.96,0,3.7,1089,Combination,148,163,4394.48,Asia Pacific,Online,No,2024-06-04
BP0549,GlowLab Eyeshadow Palette,GlowLab,Makeup,Eyeshadow Palette,18.91,15,3.5,325,Combination,110,21,397.11,North America,Online,Yes,2024-04-08
BP0550,SilkStrand Conditioner,SilkStrand,Haircare,Conditioner,12.6,0,4.0,313,Oily,338,53,667.8,Europe,Marketplace,No,2024-11-29
BP0551,SilkStrand Blush,SilkStrand,Makeup,Blush,16.81,0,4.9,1437,Oily,22,35,588.35,North America,In-Store,Yes,2024-07-21
BP0552,NuraBeauty Eye Cream,NuraBeauty,Skincare,Eye Cream,27.46,5,4.5,389,Oily,341,32,878.72,Latin America,Marketplace,Yes,2024-02-15
BP0553,AuraCare Eye Cream,AuraCare,Skincare,Eye Cream,8.21,25,4.5,320,Combination,373,242,1986.82,Europe,In-Store,No,2024-01-02
BP0554,VelvetSkin Moisturizer,VelvetSkin,Skincare,Moisturizer,36.4,5,4.5,88,Sensitive,156,65,2366.0,Asia Pacific,Online,Yes,2025-01-29
BP0555,AuraCare Eye Cream,AuraCare,Skincare,Eye Cream,23.75,0,5.0,148,Dry,117,60,1425.0,Latin America,Online,No,2025-03-06
BP0556,AuraCare Eye Cream,AuraCare,Skincare,Eye Cream,38.02,20,4.2,179,Sensitive,396,166,6311.32,North America,In-Store,Yes,2025-02-13
BP0557,NuraBeauty Liquid Lipstick,NuraBeauty,Makeup,Liquid Lipstick,7.62,30,4.4,1482,Dry,267,153,1165.86,North America,Online,Yes,2024-09-13
BP0558,Rougeon Toner,Rougeon,Skincare,Toner,19.15,0,4.4,281,Sensitive,60,260,4979.0,Middle East,Online,No,2025-03-09
BP0559,PureEarth Shampoo,PureEarth,Haircare,Shampoo,18.19,0,4.5,180,Sensitive,229,130,2364.7,Europe,Online,No,2024-03-28
BP0560,SunKissed Highlighter Palette,SunKissed,Makeup,Highlighter Palette,15.98,30,4.1,669,Combination,11,100,1598.0,North America,Online,Yes,2024-06-29
BP0561,LashPro Hair Mask,LashPro,Haircare,Hair Mask,20.88,10,5.0,1441,Sensitive,437,139,2902.32,North America,Online,Yes,2025-04-30
BP0562,GlowLab Body Lotion,GlowLab,Bath & Body,Body Lotion,9.96,0,4.5,630,Oily,62,145,1444.2,North America,In-Store,No,2025-03-02
BP0563,NuraBeauty Eyeshadow Palette,NuraBeauty,Makeup,Eyeshadow Palette,10.96,0,4.4,1155,Oily,105,119,1304.24,Asia Pacific,Online,Yes,2024-07-23
BP0564,SunKissed Highlighter Palette,SunKissed,Makeup,Highlighter Palette,28.02,30,4.8,348,Oily,60,96,2689.92,Europe,In-Store,Yes,2025-06-26
BP0565,PureEarth Eye Cream,PureEarth,Skincare,Eye Cream,31.07,30,4.6,143,Oily,336,137,4256.59,Latin America,In-Store,No,2024-02-28
BP0566,SilkStrand Facial Serum,SilkStrand,Skincare,Facial Serum,13.36,0,3.5,146,All,466,78,1042.08,Europe,Marketplace,Yes,2024-03-07
BP0567,LashPro Hair Oil,LashPro,Haircare,Hair Oil,9.3,0,3.6,316,Sensitive,78,11,102.3,Asia Pacific,Online,No,2024-07-02
BP0568,GlowLab Moisturizer,GlowLab,Skincare,Moisturizer,26.45,5,4.4,129,Dry,99,13,343.85,Europe,In-Store,Yes,2024-08-28
BP0569,SilkStrand Face Mask,SilkStrand,Skincare,Face Mask,12.15,20,4.5,526,Combination,222,91,1105.65,North America,Online,Yes,2024-10-20
BP0570,SunKissed Hand Cream,SunKissed,Bath & Body,Hand Cream,7.7,0,4.1,148,Dry,277,54,415.8,North America,Online,Yes,2024-02-13
BP0571,SunKissed Cologne,SunKissed,Fragrance,Cologne,24.76,20,4.7,851,Dry,111,58,1436.08,Latin America,Marketplace,Yes,2025-04-16
BP0572,LashPro Mascara,LashPro,Makeup,Mascara,18.71,0,3.9,342,All,224,250,4677.5,Latin America,Marketplace,Yes,2024-11-22
BP0573,Rougeon Cleanser,Rougeon,Skincare,Cleanser,32.67,5,3.8,350,Dry,475,362,11826.54,Middle East,Online,Yes,2024-04-30
BP0574,SilkStrand Hand Cream,SilkStrand,Bath & Body,Hand Cream,20.23,0,3.7,1332,Sensitive,15,645,13048.35,Europe,In-Store,Yes,2024-03-02
BP0575,SunKissed Hair Serum,SunKissed,Haircare,Hair Serum,25.46,0,3.9,536,Oily,333,184,4684.64,Europe,In-Store,No,2025-02-11
BP0576,SunKissed Sunscreen Lotion,SunKissed,Skincare,Sunscreen Lotion,25.62,15,4.4,304,All,166,23,589.26,Europe,In-Store,No,2025-04-17
BP0577,AuraCare Liquid Lipstick,AuraCare,Makeup,Liquid Lipstick,19.66,0,4.5,136,Sensitive,349,109,2142.94,Asia Pacific,In-Store,No,2025-03-15
BP0578,NuraBeauty Eyeshadow Palette,NuraBeauty,Makeup,Eyeshadow Palette,20.24,20,3.7,376,Oily,479,157,3177.68,Asia Pacific,In-Store,Yes,2024-01-31
BP0579,NuraBeauty Hand Cream,NuraBeauty,Bath & Body,Hand Cream,18.6,10,3.4,80,Oily,79,0,0.0,Middle East,In-Store,No,2025-03-02
BP0580,BloomBeauty Hair Oil,BloomBeauty,Haircare,Hair Oil,30.55,20,4.5,270,Oily,124,85,2596.75,North America,Online,No,2025-05-31
BP0581,BloomBeauty Face Mask,BloomBeauty,Skincare,Face Mask,18.22,0,4.5,434,Dry,110,44,801.68,North America,In-Store,Yes,2025-05-09
BP0582,NuraBeauty Eye Cream,NuraBeauty,Skincare,Eye Cream,27.04,10,4.8,19,All,143,3,81.12,Latin America,Marketplace,Yes,2024-12-10
BP0583,SunKissed Face Mask,SunKissed,Skincare,Face Mask,40.95,0,3.9,233,Dry,488,58,2375.1,Latin America,In-Store,Yes,2024-06-21
BP0584,SunKissed Body Scrub,SunKissed,Bath & Body,Body Scrub,14.42,10,4.2,488,Combination,53,267,3850.14,Latin America,Online,Yes,2024-08-16
BP0585,GlowLab Highlighter Palette,GlowLab,Makeup,Highlighter Palette,26.04,0,3.6,37,All,122,6,156.24,Latin America,In-Store,Yes,2025-04-09
BP0586,SilkStrand Hair Serum,SilkStrand,Haircare,Hair Serum,22.68,15,4.5,177,Dry,261,36,816.48,Latin America,In-Store,Yes,2024-10-19
BP0587,VelvetSkin Concealer,VelvetSkin,Makeup,Concealer,32.36,5,5.0,431,Dry,156,38,1229.68,North America,Online,Yes,2024-05-10
BP0588,SilkStrand Foundation,SilkStrand,Makeup,Foundation,14.6,25,4.1,484,Dry,412,7,102.2,North America,Online,Yes,2024-09-15
BP0589,AuraCare Conditioner,AuraCare,Haircare,Conditioner,16.2,15,4.5,621,All,484,2,32.4,Middle East,In-Store,Yes,2024-12-04
BP0590,NuraBeauty Blush,NuraBeauty,Makeup,Blush,19.33,0,4.2,135,Oily,111,4,77.32,Asia Pacific,In-Store,Yes,2024-12-30
BP0591,VelvetSkin Liquid Lipstick,VelvetSkin,Makeup,Liquid Lipstick,21.14,0,3.9,1317,Combination,208,323,6828.22,Asia Pacific,In-Store,Yes,2024-03-26
BP0592,BloomBeauty Cologne,BloomBeauty,Fragrance,Cologne,68.66,10,5.0,649,Sensitive,484,10,686.6,Asia Pacific,Online,Yes,2025-03-25
BP0593,LashPro Facial Serum,LashPro,Skincare,Facial Serum,32.71,20,4.0,68,Sensitive,293,30,981.3,Latin America,In-Store,No,2024-12-10
BP0594,VelvetSkin Eye Cream,VelvetSkin,Skincare,Eye Cream,34.71,0,4.3,1007,Dry,433,36,1249.56,Asia Pacific,Online,Yes,2024-10-29
BP0595,PureEarth Eau de Parfum,PureEarth,Fragrance,Eau de Parfum,75.98,0,4.1,1137,All,137,65,4938.7,Middle East,Marketplace,No,2025-03-06
BP0596,PureEarth Cleanser,PureEarth,Skincare,Cleanser,41.01,10,5.0,123,Sensitive,233,122,5003.22,Middle East,Online,No,2024-03-10
BP0597,VelvetSkin Facial Serum,VelvetSkin,Skincare,Facial Serum,47.3,0,4.1,191,All,356,556,26298.8,Middle East,Marketplace,No,2024-02-13
BP0598,Rougeon Foundation,Rougeon,Makeup,Foundation,9.62,0,4.1,362,Sensitive,385,337,3241.94,Latin America,Online,Yes,2024-07-09
BP0599,BloomBeauty Mascara,BloomBeauty,Makeup,Mascara,27.95,0,4.2,1442,All,299,95,2655.25,North America,Online,No,2024-04-23
BP0600,GlowLab Blush,GlowLab,Makeup,Blush,19.26,0,4.8,264,Combination,249,155,2985.3,Asia Pacific,Online,No,2024-09-12
